;Dpt;Code INSEE;CP;Commune;Code agence;Code Directionnel;Latitude;Longitude;Commune_agence;Code postal;Latitude_agence;Longitude_agence;Distance (km)
FR;14;14004;14710;AIGNERVILLE;NT50X;50S;49.320831298828;-0.921110987663274;Cond«ü∂∏-sur-Vire;50890;49.046229053341;-0.991599705415;30.97
FR;14;14007;14310;AMAYE SUR SEULLES;NT50X;50S;49.0786094665531;-0.714443981647511;Cond«ü∂∏-sur-Vire;50890;49.046229053341;-0.991599705415;20.57
FR;14;14017;14380;ANNEBECQ;NT50X;50V;48.9077;-0.972732;Villedieu-les-Po«ü∂¶les;50800;48.8424;-1.23952;20.87
FR;14;14023;14710;ASNIERES EN BESSIN;NT50X;50S;49.3669433593748;-0.936667025089265;Cond«ü∂∏-sur-Vire;50890;49.046229053341;-0.991599705415;35.89
FR;14;14027;14260;AUNAY SUR ODON;NT50X;50S;49.0202789306639;-0.632499992847416;Cond«ü∂∏-sur-Vire;50890;49.046229053341;-0.991599705415;26.42
FR;14;14027;14260;LES MONTS D AUNAY;NT50X;50S;49.0202789306639;-0.632499992847416;Cond«ü∂∏-sur-Vire;50890;49.046229053341;-0.991599705415;26.42
FR;14;14050;14490;LA BAZOQUE;NT50X;50S;49.1616668701172;-0.866944015026063;Cond«ü∂∏-sur-Vire;50890;49.046229053341;-0.991599705415;15.74
FR;14;14052;14350;BEAULIEU;NT50X;50S;48.9102783203128;-0.818611025810242;Cond«ü∂∏-sur-Vire;50890;49.046229053341;-0.991599705415;19.72
FR;14;14054;14380;BEAUMESNIL;NT50X;50V;48.8952789306641;-0.981944024562861;Villedieu-les-Po«ü∂¶les;50800;48.8424;-1.23952;19.79
FR;14;14056;14260;BAUQUAY;NT50X;50S;49.0336112976069;-0.615556001663227;Cond«ü∂∏-sur-Vire;50890;49.046229053341;-0.991599705415;27.53
FR;14;14061;14350;LE BENY BOCAGE;NT50X;50S;48.9397201538088;-0.839166998863237;Cond«ü∂∏-sur-Vire;50890;49.046229053341;-0.991599705415;16.27
FR;14;14061;14350;SOULEUVRE EN BOCAGE;NT50X;50S;48.9397201538088;-0.839166998863237;Cond«ü∂∏-sur-Vire;50890;49.046229053341;-0.991599705415;16.27
FR;14;14063;14710;BERNESQ;NT50X;50S;49.273609161377;-0.942499995231642;Cond«ü∂∏-sur-Vire;50890;49.046229053341;-0.991599705415;25.54
FR;14;14065;14410;BERNIERES LE PATRY;NT50X;50S;48.814720153809;-0.7355560064316;Cond«ü∂∏-sur-Vire;50890;49.046229053341;-0.991599705415;31.86
FR;14;14073;14260;LA BIGNE;NT50X;50S;49.0113906860348;-0.72027802467347;Cond«ü∂∏-sur-Vire;50890;49.046229053341;-0.991599705415;20.22
FR;14;14084;14260;BONNEMAISON;NT50X;50S;49.0105552673341;-0.583055973052989;Cond«ü∂∏-sur-Vire;50890;49.046229053341;-0.991599705415;30.14
FR;14;14096;14260;BREMOY;NT50X;50S;48.99055480957;-0.778889000415789;Cond«ü∂∏-sur-Vire;50890;49.046229053341;-0.991599705415;16.75
FR;14;14107;14710;BRICQUEVILLE;NT50X;50S;49.288890838623;-0.961667001247426;Cond«ü∂∏-sur-Vire;50890;49.046229053341;-0.991599705415;27.08
FR;14;14113;14410;BURCY;NT50X;50S;48.8694458007813;-0.803332984447484;Cond«ü∂∏-sur-Vire;50890;49.046229053341;-0.991599705415;24.01
FR;14;14115;14350;BURES LES MONTS;NT50X;50S;48.949722290039;-0.964443981647463;Cond«ü∂∏-sur-Vire;50890;49.046229053341;-0.991599705415;10.91
FR;14;14120;14240;CAHAGNES;NT50X;50S;49.0647201538092;-0.766667008399941;Cond«ü∂∏-sur-Vire;50890;49.046229053341;-0.991599705415;16.57
FR;14;14124;14230;LA CAMBE;NT50X;50S;49.3424987792973;-1.00472199916838;Cond«ü∂∏-sur-Vire;50890;49.046229053341;-0.991599705415;32.96
FR;14;14127;14500;CAMPAGNOLLES;NT50X;50S;48.8911094665531;-0.92361098527909;Cond«ü∂∏-sur-Vire;50890;49.046229053341;-0.991599705415;17.95
FR;14;14128;14260;CAMPANDRE VALCONGRAIN;NT50X;50S;48.9783325195312;-0.584999978542339;Cond«ü∂∏-sur-Vire;50890;49.046229053341;-0.991599705415;30.69
FR;14;14129;14350;CAMPEAUX;NT50X;50S;48.9538879394532;-0.930278003215794;Cond«ü∂∏-sur-Vire;50890;49.046229053341;-0.991599705415;11.21
FR;14;14132;14230;CANCHY;NT50X;50S;49.3308334350588;-0.983056008815794;Cond«ü∂∏-sur-Vire;50890;49.046229053341;-0.991599705415;31.66
FR;14;14136;14230;CARDONVILLE;NT50X;50S;49.3450012207031;-1.06472194194791;Cond«ü∂∏-sur-Vire;50890;49.046229053341;-0.991599705415;33.65
FR;14;14138;14330;CARTIGNY L EPINAY;NT50X;50S;49.2383346557623;-1.00916695594788;Cond«ü∂∏-sur-Vire;50890;49.046229053341;-0.991599705415;21.4
FR;14;14139;14350;CARVILLE;NT50X;50S;48.9311103820802;-0.860556006431605;Cond«ü∂∏-sur-Vire;50890;49.046229053341;-0.991599705415;16.0
FR;14;14142;14330;CASTILLY;NT50X;50S;49.2772216796882;-1.02694404125212;Cond«ü∂∏-sur-Vire;50890;49.046229053341;-0.991599705415;25.82
FR;14;14143;14240;CAUMONT L EVENTE;NT50X;50S;49.0908317565919;-0.80444401502609;Cond«ü∂∏-sur-Vire;50890;49.046229053341;-0.991599705415;14.55
FR;14;14151;14380;CHAMP DU BOULT;NT50X;50V;48.7949981689447;-1.00694394111628;Villedieu-les-Po«ü∂¶les;50800;48.8424;-1.23952;17.87
FR;14;14156;14410;CHENEDOLLE;NT50X;50S;48.855278015137;-0.760555982589704;Cond«ü∂∏-sur-Vire;50890;49.046229053341;-0.991599705415;27.15
FR;14;14165;14710;COLLEVILLE SUR MER;NT50X;50S;49.3480567932129;-0.843056023120892;Cond«ü∂∏-sur-Vire;50890;49.046229053341;-0.991599705415;35.27
FR;14;14168;14710;COLOMBIERES;NT50X;50S;49.2961120605469;-0.981110990047432;Cond«ü∂∏-sur-Vire;50890;49.046229053341;-0.991599705415;27.8
FR;14;14182;14240;CORMOLAIN;NT50X;50S;49.1294441223137;-0.854722023010273;Cond«ü∂∏-sur-Vire;50890;49.046229053341;-0.991599705415;13.62
FR;14;14187;14500;COULONCES;NT50X;50S;48.8738899230958;-0.914444029331198;Cond«ü∂∏-sur-Vire;50890;49.046229053341;-0.991599705415;19.98
FR;14;14188;14310;COULVAIN;NT50X;50S;49.0466651916501;-0.725000023841869;Cond«ü∂∏-sur-Vire;50890;49.046229053341;-0.991599705415;19.49
FR;14;14192;14380;COURSON;NT50X;50V;48.855278015137;-1.07972204685212;Villedieu-les-Po«ü∂¶les;50800;48.8424;-1.23952;11.82
FR;14;14195;14260;COURVAUDON;NT50X;50S;49.0311126708979;-0.574999988079075;Cond«ü∂∏-sur-Vire;50890;49.046229053341;-0.991599705415;30.51
FR;14;14204;14450;CRICQUEVILLE EN BESSIN;NT50X;50S;49.3777770996088;-0.998889029026005;Cond«ü∂∏-sur-Vire;50890;49.046229053341;-0.991599705415;36.88
FR;14;14217;14350;DAMPIERRE;NT50X;50S;49.044723510742;-0.86888897418974;Cond«ü∂∏-sur-Vire;50890;49.046229053341;-0.991599705415;8.97
FR;14;14219;14770;DANVOU LA FERRIERE;NT50X;50S;48.956943511963;-0.671388983726497;Cond«ü∂∏-sur-Vire;50890;49.046229053341;-0.991599705415;25.45
FR;14;14222;14350;LE DESERT;NT50X;50S;48.9063873291023;-0.80861097574235;Cond«ü∂∏-sur-Vire;50890;49.046229053341;-0.991599705415;20.53
FR;14;14224;14230;DEUX JUMEAUX;NT50X;50S;49.3491668701172;-0.96111100912096;Cond«ü∂∏-sur-Vire;50890;49.046229053341;-0.991599705415;33.76
FR;14;14235;14710;ECRAMMEVILLE;NT50X;50S;49.3230552673339;-0.944444000720991;Cond«ü∂∏-sur-Vire;50890;49.046229053341;-0.991599705415;30.98
FR;14;14239;14710;ENGLESQUEVILLE LA PERCEE;NT50X;50S;49.3761100769043;-0.950277984142323;Cond«ü∂∏-sur-Vire;50890;49.046229053341;-0.991599705415;36.81
FR;14;14253;14410;ESTRY;NT50X;50S;48.8983345031739;-0.733610987663295;Cond«ü∂∏-sur-Vire;50890;49.046229053341;-0.991599705415;25.05
FR;14;14255;14350;ETOUVY;NT50X;50S;48.8947219848632;-0.888611018657664;Cond«ü∂∏-sur-Vire;50890;49.046229053341;-0.991599705415;18.46
FR;14;14262;14350;LA FERRIERE AU DOYEN;NT50X;50S;49.033933505522;-0.810055248626;Cond«ü∂∏-sur-Vire;50890;49.046229053341;-0.991599705415;13.34
FR;14;14263;14770;LA FERRIERE DUVAL;NT50X;50S;48.968225040321;-0.675582651695;Cond«ü∂∏-sur-Vire;50890;49.046229053341;-0.991599705415;24.69
FR;14;14264;14350;LA FERRIERE HARANG;NT50X;50S;48.9775009155268;-0.89111101627348;Cond«ü∂∏-sur-Vire;50890;49.046229053341;-0.991599705415;10.6
FR;14;14272;14710;LA FOLIE;NT50X;50S;49.2591667175291;-0.977500021457695;Cond«ü∂∏-sur-Vire;50890;49.046229053341;-0.991599705415;23.7
FR;14;14279;14380;FONTENERMONT;NT50X;50V;48.8247222900392;-1.10361099243162;Villedieu-les-Po«ü∂¶les;50800;48.8424;-1.23952;10.17
FR;14;14281;14710;FORMIGNY LA BATAILLE;NT50X;50S;49.3372230529789;-0.898611009120929;Cond«ü∂∏-sur-Vire;50890;49.046229053341;-0.991599705415;33.06
FR;14;14282;14240;FOULOGNES;NT50X;50S;49.1413879394532;-0.818055987358103;Cond«ü∂∏-sur-Vire;50890;49.046229053341;-0.991599705415;16.51
FR;14;14296;14380;LE GAST;NT50X;50V;48.795833587646;-1.07444405555731;Villedieu-les-Po«ü∂¶les;50800;48.8424;-1.23952;13.18
FR;14;14298;14230;GEFOSSE FONTENAY;NT50X;50S;49.356945037842;-1.09416699409482;Cond«ü∂∏-sur-Vire;50890;49.046229053341;-0.991599705415;35.36
FR;14;14312;14450;GRANDCAMP MAISY;NT50X;50S;49.3875007629392;-1.04138898849488;Cond«ü∂∏-sur-Vire;50890;49.046229053341;-0.991599705415;38.13
FR;14;14317;14350;LA GRAVERIE;NT50X;50S;48.8933334350591;-0.87805598974226;Cond«ü∂∏-sur-Vire;50890;49.046229053341;-0.991599705415;18.93
FR;14;14342;14230;ISIGNY SUR MER;NT50X;50S;49.3180541992192;-1.1016670465469;Cond«ü∂∏-sur-Vire;50890;49.046229053341;-0.991599705415;31.28
FR;14;14347;14260;JURQUES;NT50X;50S;49.0177764892581;-0.741388976573919;Cond«ü∂∏-sur-Vire;50890;49.046229053341;-0.991599705415;18.57
FR;14;14350;14240;LA LANDE SUR DROME;NT50X;50S;49.0699996948239;-0.866388976573924;Cond«ü∂∏-sur-Vire;50890;49.046229053341;-0.991599705415;9.53
FR;14;14351;14260;LA LANDE VAUMONT;NT50X;50S;48.783457675903;-0.863300846793;Cond«ü∂∏-sur-Vire;50890;49.046229053341;-0.991599705415;30.7
FR;14;14352;14380;LANDELLES ET COUPIGNY;NT50X;50V;48.8880577087401;-0.995278000831584;Villedieu-les-Po«ü∂¶les;50800;48.8424;-1.23952;18.63
FR;14;14357;14770;LASSY;NT50X;50S;48.915832519531;-0.676110982894896;Cond«ü∂∏-sur-Vire;50890;49.046229053341;-0.991599705415;27.27
FR;14;14357;14770;TERRES DE DRUANCE;NT50X;50S;48.915832519531;-0.676110982894896;Cond«ü∂∏-sur-Vire;50890;49.046229053341;-0.991599705415;27.27
FR;14;14361;14770;LENAULT;NT50X;50S;48.9324989318849;-0.627777993679074;Cond«ü∂∏-sur-Vire;50890;49.046229053341;-0.991599705415;29.48
FR;14;14367;14330;LISON;NT50X;50S;49.2475013732912;-1.04583299159999;Cond«ü∂∏-sur-Vire;50890;49.046229053341;-0.991599705415;22.73
FR;14;14369;14490;LITTEAU;NT50X;50S;49.1522216796878;-0.902778029441816;Cond«ü∂∏-sur-Vire;50890;49.046229053341;-0.991599705415;13.45
FR;14;14370;14330;LE MOLAY LITTRY;NT50X;50S;49.2266654968258;-0.882499992847427;Cond«ü∂∏-sur-Vire;50890;49.046229053341;-0.991599705415;21.59
FR;14;14372;14240;LIVRY;NT50X;50S;49.1083335876459;-0.763611018657659;Cond«ü∂∏-sur-Vire;50890;49.046229053341;-0.991599705415;18.03
FR;14;14374;14240;LES LOGES;NT50X;50S;49.0430564880368;-0.806110978126533;Cond«ü∂∏-sur-Vire;50890;49.046229053341;-0.991599705415;13.56
FR;14;14378;14230;LONGUEVILLE;NT50X;50S;49.3416671752928;-0.963056027889264;Cond«ü∂∏-sur-Vire;50890;49.046229053341;-0.991599705415;32.92
FR;14;14382;14710;LOUVIERES;NT50X;50S;49.3636093139651;-0.917222023010247;Cond«ü∂∏-sur-Vire;50890;49.046229053341;-0.991599705415;35.71
FR;14;14388;14500;MAISONCELLES LA JOURDAN;NT50X;50S;48.8016662597658;-0.850278019905107;Cond«ü∂∏-sur-Vire;50890;49.046229053341;-0.991599705415;29.1
FR;14;14389;14310;MAISONCELLES PELVEY;NT50X;50S;49.0566673278809;-0.673056006431568;Cond«ü∂∏-sur-Vire;50890;49.046229053341;-0.991599705415;23.31
FR;14;14392;14450;MAISY;NT50X;50S;49.3876226;-0.978757;Cond«ü∂∏-sur-Vire;50890;49.046229053341;-0.991599705415;37.98
FR;14;14395;14350;MALLOUE;NT50X;50S;48.9372215270999;-0.959999978542355;Cond«ü∂∏-sur-Vire;50890;49.046229053341;-0.991599705415;12.34
FR;14;14397;14710;MANDEVILLE EN BESSIN;NT50X;50S;49.3016662597657;-0.878889024257633;Cond«ü∂∏-sur-Vire;50890;49.046229053341;-0.991599705415;29.57
FR;14;14413;14260;LE MESNIL AUZOUF;NT50X;50S;48.9811096191412;-0.751389026641869;Cond«ü∂∏-sur-Vire;50890;49.046229053341;-0.991599705415;19.01
FR;14;14415;14380;LE MESNIL BENOIST;NT50X;50V;48.8666687011719;-0.987778007984136;Villedieu-les-Po«ü∂¶les;50800;48.8424;-1.23952;18.67
FR;14;14416;14380;LE MESNIL CAUSSOIS;NT50X;50V;48.8558311462398;-1.0155559778214;Villedieu-les-Po«ü∂¶les;50800;48.8424;-1.23952;16.51
FR;14;14417;14380;MESNIL CLINCHAMPS;NT50X;50V;48.852779388428;-0.990000009536719;Villedieu-les-Po«ü∂¶les;50800;48.8424;-1.23952;18.35
FR;14;14424;14380;LE MESNIL ROBERT;NT50X;50V;48.8761100769038;-0.954721987247489;Villedieu-les-Po«ü∂¶les;50800;48.8424;-1.23952;21.23
FR;14;14439;14230;MONFREVILLE;NT50X;50S;49.3091659545901;-1.03277802467351;Cond«ü∂∏-sur-Vire;50890;49.046229053341;-0.991599705415;29.4
FR;14;14440;14260;MONTAMY;NT50X;50S;48.9738883972173;-0.764167010784125;Cond«ü∂∏-sur-Vire;50890;49.046229053341;-0.991599705415;18.48
FR;14;14441;14350;MONT BERTRAND;NT50X;50S;48.9697227478032;-0.915832996368409;Cond«ü∂∏-sur-Vire;50890;49.046229053341;-0.991599705415;10.15
FR;14;14442;14350;MONTCHAMP;NT50X;50S;48.9222221374511;-0.76499998569487;Cond«ü∂∏-sur-Vire;50890;49.046229053341;-0.991599705415;21.57
FR;14;14443;14350;MONTCHAUVET;NT50X;50S;48.9449996948241;-0.737778007984183;Cond«ü∂∏-sur-Vire;50890;49.046229053341;-0.991599705415;21.72
FR;14;14445;14490;MONTFIQUET;NT50X;50S;49.1688880920411;-0.892499983310691;Cond«ü∂∏-sur-Vire;50890;49.046229053341;-0.991599705415;15.44
FR;14;14462;14230;NEUILLY LA FORET;NT50X;50S;49.2702789306641;-1.10000002384188;Cond«ü∂∏-sur-Vire;50890;49.046229053341;-0.991599705415;26.14
FR;14;14477;14260;ONDEFONTAINE;NT50X;50S;48.9966659545902;-0.685277998447416;Cond«ü∂∏-sur-Vire;50890;49.046229053341;-0.991599705415;23.07
FR;14;14480;14230;OSMANVILLE;NT50X;50S;49.3300018310549;-1.08194398880002;Cond«ü∂∏-sur-Vire;50890;49.046229053341;-0.991599705415;32.24
FR;14;14481;14230;LES OUBEAUX;NT50X;50S;49.286666870117;-1.06805598735811;Cond«ü∂∏-sur-Vire;50890;49.046229053341;-0.991599705415;27.31
FR;14;14503;14410;PIERRES;NT50X;50S;48.8722229003913;-0.733332991600062;Cond«ü∂∏-sur-Vire;50890;49.046229053341;-0.991599705415;27.06
FR;14;14506;14490;PLANQUERY;NT50X;50S;49.1549987792972;-0.838889002800004;Cond«ü∂∏-sur-Vire;50890;49.046229053341;-0.991599705415;16.45
FR;14;14507;14380;PLEINES OEUVRES;NT50X;50V;48.942259700462;-1.004193095135;Villedieu-les-Po«ü∂¶les;50800;48.8424;-1.23952;20.52
FR;14;14508;14770;LE PLESSIS GRIMOULT;NT50X;50S;48.9627761840822;-0.608332991600057;Cond«ü∂∏-sur-Vire;50890;49.046229053341;-0.991599705415;29.54
FR;14;14511;14380;PONT BELLANGER;NT50X;50V;48.9347229003909;-0.974443972110728;Villedieu-les-Po«ü∂¶les;50800;48.8424;-1.23952;21.98
FR;14;14513;14380;PONT FARCY;NT50X;50V;48.9377784729001;-1.03750002384191;Villedieu-les-Po«ü∂¶les;50800;48.8424;-1.23952;18.22
FR;14;14521;14410;PRESLES;NT50X;50S;48.8788871765138;-0.781111001968372;Cond«ü∂∏-sur-Vire;50890;49.046229053341;-0.991599705415;24.16
FR;14;14532;14350;LE RECULEY;NT50X;50S;48.9091682434079;-0.843888998031636;Cond«ü∂∏-sur-Vire;50890;49.046229053341;-0.991599705415;18.69
FR;14;14539;14410;LA ROCQUE;NT50X;50S;48.8897209167478;-0.675556004047385;Cond«ü∂∏-sur-Vire;50890;49.046229053341;-0.991599705415;28.96
FR;14;14544;14260;ROUCAMPS;NT50X;50S;48.9897232055661;-0.620000004768393;Cond«ü∂∏-sur-Vire;50890;49.046229053341;-0.991599705415;27.9
FR;14;14545;14500;ROULLOURS;NT50X;50S;48.8330574035643;-0.840278029441842;Cond«ü∂∏-sur-Vire;50890;49.046229053341;-0.991599705415;26.17
FR;14;14547;14710;RUBERCY;NT50X;50S;49.284721374512;-0.880277991294843;Cond«ü∂∏-sur-Vire;50890;49.046229053341;-0.991599705415;27.74
FR;14;14549;14410;RULLY;NT50X;50S;48.8258323669429;-0.713611006736766;Cond«ü∂∏-sur-Vire;50890;49.046229053341;-0.991599705415;31.87
FR;14;14559;14380;ST AUBIN DES BOIS;NT50X;50V;48.832221984863;-1.12750005722049;Villedieu-les-Po«ü∂¶les;50800;48.8424;-1.23952;8.3
FR;14;14564;14350;ST CHARLES DE PERCY;NT50X;50S;48.9261093139648;-0.789166986942287;Cond«ü∂∏-sur-Vire;50890;49.046229053341;-0.991599705415;19.95
FR;14;14573;14350;ST DENIS MAISONCELLES;NT50X;50S;48.9824981689448;-0.857500016689322;Cond«ü∂∏-sur-Vire;50890;49.046229053341;-0.991599705415;12.1
FR;14;14579;14260;ST GEORGES D AUNAY;NT50X;50S;49.0355567932131;-0.681388974189762;Cond«ü∂∏-sur-Vire;50890;49.046229053341;-0.991599705415;22.71
FR;14;14584;14500;ST GERMAIN DE TALLEVENDE;NT50X;50S;48.800834655762;-0.901666998863211;Cond«ü∂∏-sur-Vire;50890;49.046229053341;-0.991599705415;28.07
FR;14;14586;14230;ST GERMAIN DU PERT;NT50X;50S;49.336387634277;-1.04138898849488;Cond«ü∂∏-sur-Vire;50890;49.046229053341;-0.991599705415;32.47
FR;14;14596;14350;ST JEAN DES ESSARTIERS;NT50X;50S;49.045276641846;-0.837221980094933;Cond«ü∂∏-sur-Vire;50890;49.046229053341;-0.991599705415;11.29
FR;14;14597;14770;ST JEAN LE BLANC;NT50X;50S;48.9358329772951;-0.652221977710712;Cond«ü∂∏-sur-Vire;50890;49.046229053341;-0.991599705415;27.71
FR;14;14605;14710;ST LAURENT SUR MER;NT50X;50S;49.3583335876461;-0.877499997615794;Cond«ü∂∏-sur-Vire;50890;49.046229053341;-0.991599705415;35.69
FR;14;14611;14380;ST MANVIEU BOCAGE;NT50X;50V;48.8266677856448;-0.976110994815857;Villedieu-les-Po«ü∂¶les;50800;48.8424;-1.23952;19.42
FR;14;14613;14330;ST MARCOUF;NT50X;50S;49.2522201538093;-0.991110980510696;Cond«ü∂∏-sur-Vire;50890;49.046229053341;-0.991599705415;22.91
FR;14;14614;14330;STE MARGUERITE D ELLE;NT50X;50S;49.2077789306639;-1.02055597305297;Cond«ü∂∏-sur-Vire;50890;49.046229053341;-0.991599705415;18.09
FR;14;14618;14350;STE MARIE LAUMONT;NT50X;50S;48.9233322143548;-0.898611009120929;Cond«ü∂∏-sur-Vire;50890;49.046229053341;-0.991599705415;15.27
FR;14;14619;14380;STE MARIE OUTRE L EAU;NT50X;50V;48.936111450195;-1.02305603027342;Villedieu-les-Po«ü∂¶les;50800;48.8424;-1.23952;18.99
FR;14;14622;14710;ST MARTIN DE BLAGNY;NT50X;50S;49.2497215270997;-0.949721992015857;Cond«ü∂∏-sur-Vire;50890;49.046229053341;-0.991599705415;22.84
FR;14;14629;14350;ST MARTIN DES BESACES;NT50X;50S;49.011112213135;-0.844166994094869;Cond«ü∂∏-sur-Vire;50890;49.046229053341;-0.991599705415;11.47
FR;14;14631;14500;ST MARTIN DE TALLEVENDE;NT50X;50S;48.844946;-0.90168;Cond«ü∂∏-sur-Vire;50890;49.046229053341;-0.991599705415;23.33
FR;14;14632;14350;ST MARTIN DON;NT50X;50S;48.9305572509768;-0.94388902187348;Cond«ü∂∏-sur-Vire;50890;49.046229053341;-0.991599705415;13.33
FR;14;14636;14350;ST OUEN DES BESACES;NT50X;50S;49.0219421386722;-0.846110999584219;Cond«ü∂∏-sur-Vire;50890;49.046229053341;-0.991599705415;10.98
FR;14;14650;14260;ST PIERRE DU FRESNE;NT50X;50S;49.0361099243159;-0.758333027362794;Cond«ü∂∏-sur-Vire;50890;49.046229053341;-0.991599705415;17.09
FR;14;14652;14450;ST PIERRE DU MONT;NT50X;50S;49.3872222900387;-0.976388990879033;Cond«ü∂∏-sur-Vire;50890;49.046229053341;-0.991599705415;37.94
FR;14;14655;14350;ST PIERRE TARENTAINE;NT50X;50S;48.9658317565921;-0.793888986110686;Cond«ü∂∏-sur-Vire;50890;49.046229053341;-0.991599705415;17.01
FR;14;14658;14380;ST SEVER CALVADOS;NT50X;50V;48.8408317565922;-1.04777801036829;Villedieu-les-Po«ü∂¶les;50800;48.8424;-1.23952;14.08
FR;14;14662;14770;ST VIGOR DES MEZERETS;NT50X;50S;48.9099998474118;-0.639999985694865;Cond«ü∂∏-sur-Vire;50890;49.046229053341;-0.991599705415;29.87
FR;14;14664;14240;SALLEN;NT50X;50S;49.1136093139648;-0.827777981758134;Cond«ü∂∏-sur-Vire;50890;49.046229053341;-0.991599705415;14.12
FR;14;14668;14330;SAONNET;NT50X;50S;49.273056030273;-0.877777993679027;Cond«ü∂∏-sur-Vire;50890;49.046229053341;-0.991599705415;26.56
FR;14;14671;14380;SEPT FRERES;NT50X;50V;48.864166259766;-1.02916705608372;Villedieu-les-Po«ü∂¶les;50800;48.8424;-1.23952;15.63
FR;14;14672;14240;SEPT VENTS;NT50X;50S;49.0755577087401;-0.819167017936708;Cond«ü∂∏-sur-Vire;50890;49.046229053341;-0.991599705415;13.02
FR;14;14681;14710;SURRAIN;NT50X;50S;49.3286094665528;-0.864166975021341;Cond«ü∂∏-sur-Vire;50890;49.046229053341;-0.991599705415;32.75
FR;14;14686;14410;LE THEIL BOCAGE;NT50X;50S;48.882221221924;-0.716111004352582;Cond«ü∂∏-sur-Vire;50890;49.046229053341;-0.991599705415;27.2
FR;14;14704;14350;LE TOURNEUR;NT50X;50S;48.9655570983891;-0.821389019489291;Cond«ü∂∏-sur-Vire;50890;49.046229053341;-0.991599705415;15.35
FR;14;14705;14330;TOURNIERES;NT50X;50S;49.2333335876457;-0.930278003215794;Cond«ü∂∏-sur-Vire;50890;49.046229053341;-0.991599705415;21.28
FR;14;14708;14310;TRACY BOCAGE;NT50X;50S;49.0722236633299;-0.689999997615815;Cond«ü∂∏-sur-Vire;50890;49.046229053341;-0.991599705415;22.23
FR;14;14711;14710;TREVIERES;NT50X;50S;49.3077774047848;-0.905278027057632;Cond«ü∂∏-sur-Vire;50890;49.046229053341;-0.991599705415;29.76
FR;14;14717;14500;TRUTTEMER LE GRAND;NT50X;50S;48.7744445800778;-0.813610970973982;Cond«ü∂∏-sur-Vire;50890;49.046229053341;-0.991599705415;32.92
FR;14;14718;14500;TRUTTEMER LE PETIT;NT50X;50S;48.7724990844728;-0.812777996063237;Cond«ü∂∏-sur-Vire;50890;49.046229053341;-0.991599705415;33.14
FR;14;14722;14240;LA VACQUERIE;NT50X;50S;49.0916671752932;-0.856666982173893;Cond«ü∂∏-sur-Vire;50890;49.046229053341;-0.991599705415;11.08
FR;14;14726;14410;VALDALLIERE;NT50X;50S;48.8533325195308;-0.672222018241869;Cond«ü∂∏-sur-Vire;50890;49.046229053341;-0.991599705415;31.74
FR;14;14726;14410;VASSY;NT50X;50S;48.8533325195308;-0.672222018241869;Cond«ü∂∏-sur-Vire;50890;49.046229053341;-0.991599705415;31.74
FR;14;14730;14500;VAUDRY;NT50X;50S;48.8419456481928;-0.853332996368435;Cond«ü∂∏-sur-Vire;50890;49.046229053341;-0.991599705415;24.87
FR;14;14745;14710;VIERVILLE SUR MER;NT50X;50S;49.3741683959961;-0.902499973773956;Cond«ü∂∏-sur-Vire;50890;49.046229053341;-0.991599705415;37.04
FR;14;14746;14410;VIESSOIX;NT50X;50S;48.8405570983892;-0.796666979789735;Cond«ü∂∏-sur-Vire;50890;49.046229053341;-0.991599705415;26.96
FR;14;14762;14500;VIRE;NT50X;50S;48.8436126708979;-0.885277986526476;Cond«ü∂∏-sur-Vire;50890;49.046229053341;-0.991599705415;23.84
FR;14;14763;14230;VOUILLY;NT50X;50S;49.291389465332;-1.02638900279998;Cond«ü∂∏-sur-Vire;50890;49.046229053341;-0.991599705415;27.38
FR;50;50002;50180;AGNEAUX;NT50X;50S;49.1163902282711;-1.11249995231628;Cond«ü∂∏-sur-Vire;50890;49.046229053341;-0.991599705415;11.79
FR;50;50003;50230;AGON COUTAINVILLE;NT50X;50V;49.042499542236;-1.57527804374692;Villedieu-les-Po«ü∂¶les;50800;48.8424;-1.23952;33.17
FR;50;50004;50680;AIREL;NT50X;50S;49.2236099243159;-1.08083295822141;Cond«ü∂∏-sur-Vire;50890;49.046229053341;-0.991599705415;20.77
FR;50;50005;50480;AMFREVILLE;NT50X;50S;49.4105567932131;-1.38888895511629;Cond«ü∂∏-sur-Vire;50890;49.046229053341;-0.991599705415;49.79
FR;50;50006;50620;AMIGNY;NT50X;50S;49.1572227478032;-1.17916703224183;Cond«ü∂∏-sur-Vire;50890;49.046229053341;-0.991599705415;18.44
FR;50;50007;50200;ANCTEVILLE;NT50X;50V;49.1025009155272;-1.4780559539795;Villedieu-les-Po«ü∂¶les;50800;48.8424;-1.23952;33.79
FR;50;50008;50400;ANCTOVILLE SUR BOSCQ;NT50X;50V;48.8452796936042;-1.53305602073671;Villedieu-les-Po«ü∂¶les;50800;48.8424;-1.23952;21.55
FR;50;50009;50530;ANGEY;NT50X;50V;48.7530555725101;-1.4905560016632;Villedieu-les-Po«ü∂¶les;50800;48.8424;-1.23952;20.95
FR;50;50010;50480;ANGOVILLE AU PLAIN;NT50X;50S;49.3494453430182;-1.25250005722049;Cond«ü∂∏-sur-Vire;50890;49.046229053341;-0.991599705415;38.71
FR;50;50012;50430;ANGOVILLE SUR AY;NT50X;50S;49.2536125183108;-1.5480560064316;Cond«ü∂∏-sur-Vire;50890;49.046229053341;-0.991599705415;46.69
FR;50;50014;50560;ANNEVILLE SUR MER;NT50X;50V;49.1188888549801;-1.58027803897861;Villedieu-les-Po«ü∂¶les;50800;48.8424;-1.23952;39.59
FR;50;50015;50660;ANNOVILLE;NT50X;50V;48.9688873291019;-1.53527796268461;Villedieu-les-Po«ü∂¶les;50800;48.8424;-1.23952;25.85
FR;50;50016;50500;APPEVILLE;NT50X;50S;49.3224983215331;-1.34194397926329;Cond«ü∂∏-sur-Vire;50890;49.046229053341;-0.991599705415;39.95
FR;50;50017;50170;ARDEVON;NT50X;50V;48.608300656121;-1.461762786385;Villedieu-les-Po«ü∂¶les;50800;48.8424;-1.23952;30.74
FR;50;50018;50240;ARGOUGES;NT50X;50V;48.504444122314;-1.39638900756842;Villedieu-les-Po«ü∂¶les;50800;48.8424;-1.23952;39.32
FR;50;50019;50170;AUCEY LA PLAINE;NT50X;50V;48.5286102294922;-1.4772219657898;Villedieu-les-Po«ü∂¶les;50800;48.8424;-1.23952;39.04
FR;50;50021;50480;AUDOUVILLE LA HUBERT;NT50X;50S;49.4080543518073;-1.23777794837952;Cond«ü∂∏-sur-Vire;50890;49.046229053341;-0.991599705415;44.05
FR;50;50023;50500;AUVERS;NT50X;50S;49.2997207641602;-1.31833302974697;Cond«ü∂∏-sur-Vire;50890;49.046229053341;-0.991599705415;36.91
FR;50;50024;50500;AUXAIS;NT50X;50S;49.2163887023931;-1.2977780103683;Cond«ü∂∏-sur-Vire;50890;49.046229053341;-0.991599705415;29.28
FR;50;50025;50300;AVRANCHES;NT50X;50V;48.6858329772949;-1.36055600643162;Villedieu-les-Po«ü∂¶les;50800;48.8424;-1.23952;19.55
FR;50;50026;50310;AZEVILLE;NT50X;50S;49.4597206115723;-1.31361103057857;Cond«ü∂∏-sur-Vire;50890;49.046229053341;-0.991599705415;51.62
FR;50;50027;50530;BACILLY;NT50X;50V;48.7024993896482;-1.44083297252659;Villedieu-les-Po«ü∂¶les;50800;48.8424;-1.23952;21.47
FR;50;50028;50450;LA BALEINE;NT50X;50V;48.9261093139648;-1.31638896465299;Villedieu-les-Po«ü∂¶les;50800;48.8424;-1.23952;10.88
FR;50;50029;50720;BARENTON;NT50X;50V;48.6005554199218;-0.831667006015789;Villedieu-les-Po«ü∂¶les;50800;48.8424;-1.23952;40.3
FR;50;50032;50810;LA BARRE DE SEMILLY;NT50X;50S;49.1122207641601;-1.03083300590521;Cond«ü∂∏-sur-Vire;50890;49.046229053341;-0.991599705415;7.88
FR;50;50034;50000;BAUDRE;NT50X;50V;49.0905570983889;-1.07166695594791;Villedieu-les-Po«ü∂¶les;50800;48.8424;-1.23952;30.21
FR;50;50036;50500;BAUPTE;NT50X;50S;49.3080558776858;-1.35861098766332;Cond«ü∂∏-sur-Vire;50890;49.046229053341;-0.991599705415;39.55
FR;50;50037;50520;LA BAZOGE;NT50X;50V;48.6474990844729;-1.02666699886322;Villedieu-les-Po«ü∂¶les;50800;48.8424;-1.23952;26.74
FR;50;50038;50320;BEAUCHAMPS;NT50X;50V;48.8344421386721;-1.35777795314789;Villedieu-les-Po«ü∂¶les;50800;48.8424;-1.23952;8.73
FR;50;50039;50420;BEAUCOUDRAY;NT50X;50V;48.9597206115718;-1.14111101627349;Villedieu-les-Po«ü∂¶les;50800;48.8424;-1.23952;14.91
FR;50;50040;50150;BEAUFICEL;NT50X;50V;48.741943359375;-0.958889007568377;Villedieu-les-Po«ü∂¶les;50800;48.8424;-1.23952;23.45
FR;50;50042;50170;BEAUVOIR;NT50X;50V;48.5969429016111;-1.50305604934691;Villedieu-les-Po«ü∂¶les;50800;48.8424;-1.23952;33.48
FR;50;50043;50520;BELLEFONTAINE;NT50X;50V;48.6911125183107;-0.974443972110728;Villedieu-les-Po«ü∂¶les;50800;48.8424;-1.23952;25.74
FR;50;50044;50210;BELVAL;NT50X;50V;49.0405578613279;-1.36333298683172;Villedieu-les-Po«ü∂¶les;50800;48.8424;-1.23952;23.83
FR;50;50046;50810;BERIGNY;NT50X;50S;49.1425018310549;-0.942221999168409;Cond«ü∂∏-sur-Vire;50890;49.046229053341;-0.991599705415;11.3
FR;50;50047;50320;LA BESLIERE;NT50X;50V;48.817658794028;-1.428504205043;Villedieu-les-Po«ü∂¶les;50800;48.8424;-1.23952;14.15
FR;50;50048;50800;BESLON;NT50X;50V;48.850555419922;-1.15027797222138;Villedieu-les-Po«ü∂¶les;50800;48.8424;-1.23952;6.61
FR;50;50050;50420;BEUVRIGNY;NT50X;50V;48.9716682434081;-1.00305604934689;Villedieu-les-Po«ü∂¶les;50800;48.8424;-1.23952;22.52
FR;50;50051;50480;BEUZEVILLE AU PLAIN;NT50X;50S;49.4305572509772;-1.2869440317154;Cond«ü∂∏-sur-Vire;50890;49.046229053341;-0.991599705415;47.85
FR;50;50052;50360;BEUZEVILLE LA BASTILLE;NT50X;50S;49.356666564941;-1.37166702747338;Cond«ü∂∏-sur-Vire;50890;49.046229053341;-0.991599705415;44.26
FR;50;50053;50540;LES BIARDS;NT50X;50V;48.5838;-1.18601;Villedieu-les-Po«ü∂¶les;50800;48.8424;-1.23952;29.03
FR;50;50054;50160;BIEVILLE;NT50X;50S;49.0844421386718;-0.887777984142292;Cond«ü∂∏-sur-Vire;50890;49.046229053341;-0.991599705415;8.7
FR;50;50055;50390;BINIVILLE;NT50X;50S;49.4275016784668;-1.47694396972662;Cond«ü∂∏-sur-Vire;50890;49.046229053341;-0.991599705415;55.2
FR;50;50056;50140;BION;NT50X;50V;48.6208343505857;-0.919166982173924;Villedieu-les-Po«ü∂¶les;50800;48.8424;-1.23952;34.09
FR;50;50058;50560;BLAINVILLE SUR MER;NT50X;50V;49.0663871765138;-1.58166694641108;Villedieu-les-Po«ü∂¶les;50800;48.8424;-1.23952;35.33
FR;50;50059;50480;BLOSVILLE;NT50X;50S;49.3738899230963;-1.28972196578982;Cond«ü∂∏-sur-Vire;50890;49.046229053341;-0.991599705415;42.42
FR;50;50060;50800;LA BLOUTIERE;NT50X;50V;48.8766670227052;-1.23861098289489;Villedieu-les-Po«ü∂¶les;50800;48.8424;-1.23952;3.81
FR;50;50061;50200;BOISROGER;NT50X;50V;49.0913887023927;-1.54083299636838;Villedieu-les-Po«ü∂¶les;50800;48.8424;-1.23952;35.4
FR;50;50062;50800;BOISYVON;NT50X;50V;48.8066673278812;-1.12777805328372;Villedieu-les-Po«ü∂¶les;50800;48.8424;-1.23952;9.12
FR;50;50063;50250;BOLLEVILLE;NT50X;50S;49.302501678467;-1.57333302497861;Cond«ü∂∏-sur-Vire;50890;49.046229053341;-0.991599705415;51.1
FR;50;50064;50360;LA BONNEVILLE;NT50X;50S;49.3941688537602;-1.4533330202103;Cond«ü∂∏-sur-Vire;50890;49.046229053341;-0.991599705415;51.27
FR;50;50065;50170;BOUCEY;NT50X;50V;48.553494190705;-1.492155669269;Villedieu-les-Po«ü∂¶les;50800;48.8424;-1.23952;37.12
FR;50;50066;50610;ST MICHEL DES LOUPS;NT50X;50V;48.7744445800778;-1.5480560064316;Villedieu-les-Po«ü∂¶les;50800;48.8424;-1.23952;23.89
FR;50;50067;50220;LA BOULOUZE;NT50X;50V;48.67751;-1.21165;Villedieu-les-Po«ü∂¶les;50800;48.8424;-1.23952;18.45
FR;50;50069;50800;BOURGUENOLLES;NT50X;50V;48.7894439697271;-1.26861095428468;Villedieu-les-Po«ü∂¶les;50800;48.8424;-1.23952;6.26
FR;50;50070;50480;BOUTTEVILLE;NT50X;50S;49.3897209167477;-1.25861096382142;Cond«ü∂∏-sur-Vire;50890;49.046229053341;-0.991599705415;42.87
FR;50;50071;50870;BRAFFAIS;NT50X;50V;48.757499694824;-1.26027798652649;Villedieu-les-Po«ü∂¶les;50800;48.8424;-1.23952;9.56
FR;50;50072;50200;BRAINVILLE;NT50X;50V;49.0863876342768;-1.4988889694214;Villedieu-les-Po«ü∂¶les;50800;48.8424;-1.23952;33.12
FR;50;50074;50370;BRECEY;NT50X;50V;48.7263908386229;-1.16583299636842;Villedieu-les-Po«ü∂¶les;50800;48.8424;-1.23952;13.99
FR;50;50075;50160;BRECTOUVILLE;NT50X;50V;49.0238876342771;-1.02333295345307;Villedieu-les-Po«ü∂¶les;50800;48.8424;-1.23952;25.66
FR;50;50076;50290;BREHAL;NT50X;50V;48.9008331298829;-1.51333296298983;Villedieu-les-Po«ü∂¶les;50800;48.8424;-1.23952;21.11
FR;50;50078;50430;BRETTEVILLE SUR AY;NT50X;50S;49.2616653442381;-1.63111102581019;Cond«ü∂∏-sur-Vire;50890;49.046229053341;-0.991599705415;52.44
FR;50;50080;50500;BREVANDS;NT50X;50S;49.3322219848629;-1.18944394588468;Cond«ü∂∏-sur-Vire;50890;49.046229053341;-0.991599705415;34.92
FR;50;50081;50290;BREVILLE SUR MER;NT50X;50V;48.8672218322753;-1.55444395542138;Villedieu-les-Po«ü∂¶les;50800;48.8424;-1.23952;23.27
FR;50;50084;50200;BRICQUEVILLE LA BLOUETTE;NT50X;50V;49.0341682434078;-1.4761110544205;Villedieu-les-Po«ü∂¶les;50800;48.8424;-1.23952;27.48
FR;50;50085;50290;BRICQUEVILLE SUR MER;NT50X;50V;48.915557861328;-1.5208330154419;Villedieu-les-Po«ü∂¶les;50800;48.8424;-1.23952;22.18
FR;50;50088;50150;BROUAINS;NT50X;50V;48.7230567932132;-0.967499971389746;Villedieu-les-Po«ü∂¶les;50800;48.8424;-1.23952;23.99
FR;50;50089;50480;BRUCHEVILLE;NT50X;50S;49.3744430541991;-1.20611095428471;Cond«ü∂∏-sur-Vire;50890;49.046229053341;-0.991599705415;39.71
FR;50;50090;50640;BUAIS LES MONTS;NT50X;50V;48.5230560302728;-0.968888998031641;Villedieu-les-Po«ü∂¶les;50800;48.8424;-1.23952;40.72
FR;50;50092;50200;CAMBERNON;NT50X;50V;49.0819435119628;-1.38472199439997;Villedieu-les-Po«ü∂¶les;50800;48.8424;-1.23952;28.68
FR;50;50093;50570;CAMETOURS;NT50X;50V;49.0691680908201;-1.28138899803163;Villedieu-les-Po«ü∂¶les;50800;48.8424;-1.23952;25.4
FR;50;50094;50210;CAMPROND;NT50X;50V;49.0894432067872;-1.34666705131528;Villedieu-les-Po«ü∂¶les;50800;48.8424;-1.23952;28.57
FR;50;50095;50750;CANISY;NT50X;50V;49.0755577087401;-1.17583298683168;Villedieu-les-Po«ü∂¶les;50800;48.8424;-1.23952;26.35
FR;50;50098;50570;CARANTILLY;NT50X;50V;49.0638885498048;-1.24055600166319;Villedieu-les-Po«ü∂¶les;50800;48.8424;-1.23952;24.63
FR;50;50099;50500;CARENTAN;NT50X;50S;49.3041687011721;-1.24527800083159;Cond«ü∂∏-sur-Vire;50890;49.046229053341;-0.991599705415;34.13
FR;50;50100;50240;CARNET;NT50X;50V;48.5102767944338;-1.3566670417786;Villedieu-les-Po«ü∂¶les;50800;48.8424;-1.23952;37.93
FR;50;50102;50740;CAROLLES;NT50X;50V;48.7499159999998;-1.56045200000003;Villedieu-les-Po«ü∂¶les;50800;48.8424;-1.23952;25.72
FR;50;50103;50480;CARQUEBUT;NT50X;50S;49.3738899230963;-1.33055603504177;Cond«ü∂∏-sur-Vire;50890;49.046229053341;-0.991599705415;44.02
FR;50;50106;50620;CAVIGNY;NT50X;50S;49.1933326721192;-1.10944402217863;Cond«ü∂∏-sur-Vire;50890;49.046229053341;-0.991599705415;18.48
FR;50;50107;50500;CATZ;NT50X;50S;49.3108329772952;-1.18111097812649;Cond«ü∂∏-sur-Vire;50890;49.046229053341;-0.991599705415;32.51
FR;50;50108;50220;CEAUX;NT50X;50V;48.6333312988281;-1.3869440555573;Villedieu-les-Po«ü∂¶les;50800;48.8424;-1.23952;25.65
FR;50;50109;50510;CERENCES;NT50X;50V;48.918609619141;-1.4358329772949;Villedieu-les-Po«ü∂¶les;50800;48.8424;-1.23952;16.71
FR;50;50110;50680;CERISY LA FORET;NT50X;50S;49.196388244629;-0.935832977294938;Cond«ü∂∏-sur-Vire;50890;49.046229053341;-0.991599705415;17.19
FR;50;50111;50210;CERISY LA SALLE;NT50X;50V;49.026943206787;-1.28333294391629;Villedieu-les-Po«ü∂¶les;50800;48.8424;-1.23952;20.77
FR;50;50112;50370;LA CHAISE BAUDOUIN;NT50X;50V;48.7649993896478;-1.2361110448837;Villedieu-les-Po«ü∂¶les;50800;48.8424;-1.23952;8.61
FR;50;50113;50540;CHALANDREY;NT50X;50V;48.6169;-1.2175;Villedieu-les-Po«ü∂¶les;50800;48.8424;-1.23952;25.13
FR;50;50114;50320;LES CHAMBRES;NT50X;50V;48.7680549621582;-1.38805603981017;Villedieu-les-Po«ü∂¶les;50800;48.8424;-1.23952;13.69
FR;50;50115;50320;LE GRIPPON;NT50X;50V;48.7775001525882;-1.39472198486329;Villedieu-les-Po«ü∂¶les;50800;48.8424;-1.23952;13.49
FR;50;50116;50530;CHAMPCEY;NT50X;50V;48.7272224426267;-1.4472219944;Villedieu-les-Po«ü∂¶les;50800;48.8424;-1.23952;19.93
FR;50;50117;50530;CHAMPEAUX;NT50X;50V;48.7408332824708;-1.52666699886318;Villedieu-les-Po«ü∂¶les;50800;48.8424;-1.23952;23.93
FR;50;50118;50800;CHAMPREPUS;NT50X;50V;48.834999084473;-1.32083296775822;Villedieu-les-Po«ü∂¶les;50800;48.8424;-1.23952;6.03
FR;50;50119;50620;LES CHAMPS DE LOSQUE;NT50X;50S;49.1836128234863;-1.22694396972661;Cond«ü∂∏-sur-Vire;50890;49.046229053341;-0.991599705415;22.99
FR;50;50120;50510;CHANTELOUP;NT50X;50V;48.900276184082;-1.48611104488371;Villedieu-les-Po«ü∂¶les;50800;48.8424;-1.23952;19.2
FR;50;50121;50800;LA CHAPELLE CECELIN;NT50X;50V;48.8130569458007;-1.16083300113679;Villedieu-les-Po«ü∂¶les;50800;48.8424;-1.23952;6.64
FR;50;50122;50160;LA CHAPELLE DU FEST;NT50X;50S;49.05996;-0.97328;Cond«ü∂∏-sur-Vire;50890;49.046229053341;-0.991599705415;2.03
FR;50;50123;50570;LA CHAPELLE EN JUGER;NT50X;50V;49.12833404541;-1.21472203731539;Villedieu-les-Po«ü∂¶les;50800;48.8424;-1.23952;31.85
FR;50;50124;50370;LA CHAPELLE UREE;NT50X;50V;48.6683311462398;-1.14833295345308;Villedieu-les-Po«ü∂¶les;50800;48.8424;-1.23952;20.49
FR;50;50125;50520;CHASSEGUEY;NT50X;50V;48.6486091613772;-1.07777798175809;Villedieu-les-Po«ü∂¶les;50800;48.8424;-1.23952;24.62
FR;50;50126;50870;CHAVOY;NT50X;50V;48.728610992432;-1.33305597305302;Villedieu-les-Po«ü∂¶les;50800;48.8424;-1.23952;14.4
FR;50;50127;50480;CHEF DU PONT;NT50X;50S;49.3847236633298;-1.34138894081121;Cond«ü∂∏-sur-Vire;50890;49.046229053341;-0.991599705415;45.46
FR;50;50128;50410;LE CHEFRESNE;NT50X;50V;48.904445648193;-1.15361094474789;Villedieu-les-Po«ü∂¶les;50800;48.8424;-1.23952;9.34
FR;50;50130;50800;CHERENCE LE HERON;NT50X;50V;48.8038902282712;-1.1950000524521;Villedieu-les-Po«ü∂¶les;50800;48.8424;-1.23952;5.39
FR;50;50131;50520;CHERENCE LE ROUSSEL;NT50X;50V;48.7105560302729;-1.0147219896317;Villedieu-les-Po«ü∂¶les;50800;48.8424;-1.23952;22.09
FR;50;50132;50220;LES CHERIS;NT50X;50V;48.6361122131349;-1.255833029747;Villedieu-les-Po«ü∂¶les;50800;48.8424;-1.23952;22.97
FR;50;50133;50600;CHEVREVILLE;NT50X;50V;48.6169433593752;-1.04277801513672;Villedieu-les-Po«ü∂¶les;50800;48.8424;-1.23952;28.95
FR;50;50134;50420;CHEVRY;NT50X;50V;48.9716682434081;-1.11861097812652;Villedieu-les-Po«ü∂¶les;50800;48.8424;-1.23952;16.89
FR;50;50136;50250;COIGNY;NT50X;50S;49.3238906860353;-1.3830560445786;Cond«ü∂∏-sur-Vire;50890;49.046229053341;-0.991599705415;42.05
FR;50;50137;50800;LA COLOMBE;NT50X;50V;48.8758316040039;-1.18027794361112;Villedieu-les-Po«ü∂¶les;50800;48.8424;-1.23952;5.72
FR;50;50138;50700;COLOMBY;NT50X;50S;49.4566688537599;-1.49138903617858;Cond«ü∂∏-sur-Vire;50890;49.046229053341;-0.991599705415;58.37
FR;50;50139;50890;CONDE SUR VIRE;NT50X;50S;49.0530548095702;-1.03583300113678;Cond«ü∂∏-sur-Vire;50890;49.046229053341;-0.991599705415;3.32
FR;50;50140;50660;CONTRIERES;NT50X;50V;48.9902763366701;-1.43194401264187;Villedieu-les-Po«ü∂¶les;50800;48.8424;-1.23952;21.66
FR;50;50141;50170;CORMERAY;NT50X;50V;48.550549854377;-1.44648993319;Villedieu-les-Po«ü∂¶les;50800;48.8424;-1.23952;35.85
FR;50;50143;50290;COUDEVILLE SUR MER;NT50X;50V;48.8830566406247;-1.5252779722214;Villedieu-les-Po«ü∂¶les;50800;48.8424;-1.23952;21.45
FR;50;50144;50670;COULOUVRAY BOISBENATRE;NT50X;50V;48.7894439697271;-1.10916697978972;Villedieu-les-Po«ü∂¶les;50800;48.8424;-1.23952;11.24
FR;50;50145;50200;COURCY;NT50X;50V;49.0411109924319;-1.39194405078887;Villedieu-les-Po«ü∂¶les;50800;48.8424;-1.23952;24.76
FR;50;50146;50220;COURTILS;NT50X;50V;48.6291656494139;-1.4083329439163;Villedieu-les-Po«ü∂¶les;50800;48.8424;-1.23952;26.77
FR;50;50147;50200;COUTANCES;NT50X;50V;49.0502777099608;-1.44333302974698;Villedieu-les-Po«ü∂¶les;50800;48.8424;-1.23952;27.52
FR;50;50148;50680;COUVAINS;NT50X;50S;49.1655578613283;-1.00555598735808;Cond«ü∂∏-sur-Vire;50890;49.046229053341;-0.991599705415;13.31
FR;50;50151;50710;CREANCES;NT50X;50V;49.2019424438478;-1.5644439458847;Villedieu-les-Po«ü∂¶les;50800;48.8424;-1.23952;46.51
FR;50;50152;50370;LES CRESNAYS;NT50X;50V;48.7213897705081;-1.12277805805209;Villedieu-les-Po«ü∂¶les;50800;48.8424;-1.23952;15.96
FR;50;50153;50250;CRETTEVILLE;NT50X;50S;49.3455543518071;-1.3852779865265;Cond«ü∂∏-sur-Vire;50890;49.046229053341;-0.991599705415;43.95
FR;50;50154;50240;LA CROIX AVRANCHIN;NT50X;50V;48.5477790832519;-1.3819439411163;Villedieu-les-Po«ü∂¶les;50800;48.8424;-1.23952;34.4
FR;50;50155;50220;CROLLON;NT50X;50V;48.5863876342769;-1.38333296775819;Villedieu-les-Po«ü∂¶les;50800;48.8424;-1.23952;30.37
FR;50;50156;50360;CROSVILLE SUR DOUVE;NT50X;50S;49.3897209167477;-1.4827779531479;Cond«ü∂∏-sur-Vire;50890;49.046229053341;-0.991599705415;52.34
FR;50;50157;50170;CUREY;NT50X;50V;48.5914747;-1.4409319;Villedieu-les-Po«ü∂¶les;50800;48.8424;-1.23952;31.6
FR;50;50158;50670;CUVES;NT50X;50V;48.7191658020021;-1.10666704177859;Villedieu-les-Po«ü∂¶les;50800;48.8424;-1.23952;16.83
FR;50;50159;50750;DANGY;NT50X;50V;49.0444450378421;-1.22444403171542;Villedieu-les-Po«ü∂¶les;50800;48.8424;-1.23952;22.5
FR;50;50161;50620;LE DEZERT;NT50X;50S;49.2044448852542;-1.16250002384192;Cond«ü∂∏-sur-Vire;50890;49.046229053341;-0.991599705415;21.57
FR;50;50164;50420;DOMJEAN;NT50X;50V;48.9888877868649;-1.03305602073669;Villedieu-les-Po«ü∂¶les;50800;48.8424;-1.23952;22.23
FR;50;50165;50350;DONVILLE LES BAINS;NT50X;50V;48.8424987792968;-1.58555603027342;Villedieu-les-Po«ü∂¶les;50800;48.8424;-1.23952;25.4
FR;50;50166;50250;DOVILLE;NT50X;50S;49.3336105346682;-1.53888905048371;Cond«ü∂∏-sur-Vire;50890;49.046229053341;-0.991599705415;51.12
FR;50;50167;50530;DRAGEY RONTHON;NT50X;50V;48.7172203063959;-1.48527801036828;Villedieu-les-Po«ü∂¶les;50800;48.8424;-1.23952;22.8
FR;50;50168;50220;DUCEY LES CHERIS;NT50X;50V;48.6208343505857;-1.28944396972659;Villedieu-les-Po«ü∂¶les;50800;48.8424;-1.23952;24.91
FR;50;50169;50310;ECAUSSEVILLE;NT50X;50S;49.463054656982;-1.37444400787347;Cond«ü∂∏-sur-Vire;50890;49.046229053341;-0.991599705415;54.09
FR;50;50170;50480;ECOQUENEAUVILLE;NT50X;50S;49.4011116027832;-1.29138898849489;Cond«ü∂∏-sur-Vire;50890;49.046229053341;-0.991599705415;45.11
FR;50;50172;50310;EMONDEVILLE;NT50X;50S;49.460556030273;-1.3397220373154;Cond«ü∂∏-sur-Vire;50890;49.046229053341;-0.991599705415;52.59
FR;50;50174;50320;EQUILLY;NT50X;50V;48.8419456481928;-1.3899999856949;Villedieu-les-Po«ü∂¶les;50800;48.8424;-1.23952;11.05
FR;50;50175;50310;EROUDEVILLE;NT50X;50S;49.476943969727;-1.3899999856949;Cond«ü∂∏-sur-Vire;50890;49.046229053341;-0.991599705415;56.0
FR;50;50177;50360;ETIENVILLE;NT50X;50S;49.3766670227051;-1.43444395065312;Cond«ü∂∏-sur-Vire;50890;49.046229053341;-0.991599705415;48.9
FR;50;50179;50640;FERRIERES;NT50X;50V;48.5452766418461;-0.955555975437188;Villedieu-les-Po«ü∂¶les;50800;48.8424;-1.23952;39.1
FR;50;50180;50420;FERVACHES;NT50X;50V;48.9972229003911;-1.08527803421022;Villedieu-les-Po«ü∂¶les;50800;48.8424;-1.23952;20.6
FR;50;50181;50190;FEUGERES;NT50X;50V;49.1505546569821;-1.32055604457862;Villedieu-les-Po«ü∂¶les;50800;48.8424;-1.23952;34.78
FR;50;50182;50190;LA FEUILLIE;NT50X;50V;49.1769447326658;-1.47638905048368;Villedieu-les-Po«ü∂¶les;50800;48.8424;-1.23952;41.04
FR;50;50185;50800;FLEURY;NT50X;50V;48.8491668701167;-1.27638900279999;Villedieu-les-Po«ü∂¶les;50800;48.8424;-1.23952;2.81
FR;50;50186;50700;FLOTTEMANVILLE;NT50X;50S;49.474445343018;-1.4541670084;Cond«ü∂∏-sur-Vire;50890;49.046229053341;-0.991599705415;58.32
FR;50;50188;50320;FOLLIGNY;NT50X;50V;48.8258323669429;-1.41111099719997;Villedieu-les-Po«ü∂¶les;50800;48.8424;-1.23952;12.73
FR;50;50189;50140;FONTENAY;NT50X;50V;48.6300010681152;-1.03083300590521;Villedieu-les-Po«ü∂¶les;50800;48.8424;-1.23952;28.17
FR;50;50190;50310;FONTENAY SUR MER;NT50X;50S;49.4897232055661;-1.31583297252659;Cond«ü∂∏-sur-Vire;50890;49.046229053341;-0.991599705415;54.68
FR;50;50191;50480;FOUCARVILLE;NT50X;50S;49.442501068115;-1.25611102581017;Cond«ü∂∏-sur-Vire;50890;49.046229053341;-0.991599705415;48.1
FR;50;50192;50420;FOURNEAUX;NT50X;50V;48.9674987792972;-1.03527796268458;Villedieu-les-Po«ü∂¶les;50800;48.8424;-1.23952;20.44
FR;50;50193;50850;LE FRESNE PORET;NT50X;50V;48.7113876342773;-0.828611016273506;Villedieu-les-Po«ü∂¶les;50800;48.8424;-1.23952;33.53
FR;50;50194;50310;FRESVILLE;NT50X;50S;49.4391670227047;-1.3558330535889;Cond«ü∂∏-sur-Vire;50890;49.046229053341;-0.991599705415;51.12
FR;50;50195;50150;GATHEMO;NT50X;50V;48.7658348083503;-0.974443972110728;Villedieu-les-Po«ü∂¶les;50800;48.8424;-1.23952;21.25
FR;50;50197;50450;GAVRAY;NT50X;50V;48.9111099243161;-1.35000002384189;Villedieu-les-Po«ü∂¶les;50800;48.8424;-1.23952;11.14
FR;50;50198;50560;GEFFOSSES;NT50X;50V;49.1291656494139;-1.55861103534701;Villedieu-les-Po«ü∂¶les;50800;48.8424;-1.23952;39.53
FR;50;50199;50530;GENETS;NT50X;50V;48.6858329772949;-1.4761110544205;Villedieu-les-Po«ü∂¶les;50800;48.8424;-1.23952;24.61
FR;50;50200;50850;GER;NT50X;50V;48.6830558776861;-0.788332998752587;Villedieu-les-Po«ü∂¶les;50800;48.8424;-1.23952;37.61
FR;50;50201;50250;GERVILLE LA FORET;NT50X;50S;49.26859;-1.49247;Cond«ü∂∏-sur-Vire;50890;49.046229053341;-0.991599705415;44.12
FR;50;50202;50160;GIEVILLE;NT50X;50V;49.0144424438478;-0.978332996368382;Villedieu-les-Po«ü∂¶les;50800;48.8424;-1.23952;27.06
FR;50;50204;50250;GLATIGNY;NT50X;50S;49.2769432067872;-1.62777805328369;Cond«ü∂∏-sur-Vire;50890;49.046229053341;-0.991599705415;53.02
FR;50;50205;50300;LA GODEFROY;NT50X;50V;48.6911125183107;-1.28972196578982;Villedieu-les-Po«ü∂¶les;50800;48.8424;-1.23952;17.22
FR;50;50206;50300;LA GOHANNIERE;NT50X;50V;48.7061119079589;-1.25472199916839;Villedieu-les-Po«ü∂¶les;50800;48.8424;-1.23952;15.2
FR;50;50208;50190;GONFREVILLE;NT50X;50S;49.2391662597661;-1.3933329582214;Cond«ü∂∏-sur-Vire;50890;49.046229053341;-0.991599705415;36.33
FR;50;50210;50190;GORGES;NT50X;50S;49.2572212219241;-1.40666699409481;Cond«ü∂∏-sur-Vire;50890;49.046229053341;-0.991599705415;38.31
FR;50;50212;50480;GOURBESVILLE;NT50X;50S;49.4216651916502;-1.40861105918878;Cond«ü∂∏-sur-Vire;50890;49.046229053341;-0.991599705415;51.63
FR;50;50213;50750;GOURFALEUR;NT50X;50V;49.0816688537598;-1.1111110448837;Villedieu-les-Po«ü∂¶les;50800;48.8424;-1.23952;28.22
FR;50;50214;50420;GOUVETS;NT50X;50V;48.93416595459;-1.09583294391631;Villedieu-les-Po«ü∂¶les;50800;48.8424;-1.23952;14.67
FR;50;50215;50560;GOUVILLE SUR MER;NT50X;50V;49.096942901611;-1.57888901233671;Villedieu-les-Po«ü∂¶les;50800;48.8424;-1.23952;37.67
FR;50;50216;50620;GRAIGNES;NT50X;50S;49.2436103820801;-1.20416700839999;Cond«ü∂∏-sur-Vire;50890;49.046229053341;-0.991599705415;26.88
FR;50;50217;50370;LE GRAND CELLAND;NT50X;50V;48.6822204589842;-1.18361103534699;Villedieu-les-Po«ü∂¶les;50800;48.8424;-1.23952;18.28
FR;50;50218;50400;GRANVILLE;NT50X;50V;48.8397216796879;-1.58722198009491;Villedieu-les-Po«ü∂¶les;50800;48.8424;-1.23952;25.52
FR;50;50219;50200;GRATOT;NT50X;50V;49.0661125183108;-1.48916697502142;Villedieu-les-Po«ü∂¶les;50800;48.8424;-1.23952;30.87
FR;50;50221;50450;GRIMESNIL;NT50X;50V;48.9555549621583;-1.35222196578979;Villedieu-les-Po«ü∂¶les;50800;48.8424;-1.23952;15.05
FR;50;50223;50210;GUEHEBERT;NT50X;50V;48.972778320313;-1.3724999427795;Villedieu-les-Po«ü∂¶les;50800;48.8424;-1.23952;17.47
FR;50;50224;50160;GUILBERVILLE;NT50X;50S;48.99055480957;-0.944444000720991;Cond«ü∂∏-sur-Vire;50890;49.046229053341;-0.991599705415;7.09
FR;50;50225;50410;LE GUISLAIN;NT50X;50V;48.9738883972173;-1.22805595397949;Villedieu-les-Po«ü∂¶les;50800;48.8424;-1.23952;14.65
FR;50;50227;50310;LE HAM;NT50X;50S;49.4513893127441;-1.414999961853;Cond«ü∂∏-sur-Vire;50890;49.046229053341;-0.991599705415;54.6
FR;50;50228;50450;HAMBYE;NT50X;50V;48.9449996948241;-1.27861094474789;Villedieu-les-Po«ü∂¶les;50800;48.8424;-1.23952;11.76
FR;50;50229;50730;HAMELIN;NT50X;50V;48.5452766418461;-1.20888900756839;Villedieu-les-Po«ü∂¶les;50800;48.8424;-1.23952;33.12
FR;50;50231;50590;HAUTEVILLE SUR MER;NT50X;50V;48.9783325195312;-1.53833305835719;Villedieu-les-Po«ü∂¶les;50800;48.8424;-1.23952;26.61
FR;50;50232;50570;HAUTEVILLE LA GUICHARD;NT50X;50V;49.1280555725101;-1.30166697502139;Villedieu-les-Po«ü∂¶les;50800;48.8424;-1.23952;32.09
FR;50;50233;50390;HAUTTEVILLE BOCAGE;NT50X;50S;49.4263877868651;-1.4630559682846;Cond«ü∂∏-sur-Vire;50890;49.046229053341;-0.991599705415;54.46
FR;50;50234;50410;LA HAYE BELLEFOND;NT50X;50V;48.985557556152;-1.18499994277952;Villedieu-les-Po«ü∂¶les;50800;48.8424;-1.23952;16.41
FR;50;50236;50250;LA HAYE DU PUITS;NT50X;50S;49.291389465332;-1.5413889884949;Cond«ü∂∏-sur-Vire;50890;49.046229053341;-0.991599705415;48.49
FR;50;50237;50320;LA HAYE PESNEL;NT50X;50V;48.798057556152;-1.3966670036316;Villedieu-les-Po«ü∂¶les;50800;48.8424;-1.23952;12.55
FR;50;50239;50180;HEBECREVON;NT50X;50S;49.1277770996092;-1.16583299636842;Cond«ü∂∏-sur-Vire;50890;49.046229053341;-0.991599705415;15.63
FR;50;50241;50700;HEMEVEZ;NT50X;50S;49.4602775573732;-1.43638896942142;Cond«ü∂∏-sur-Vire;50890;49.046229053341;-0.991599705415;56.29
FR;50;50243;50200;HEUGUEVILLE SUR SIENNE;NT50X;50V;49.0338897705079;-1.51638901233668;Villedieu-les-Po«ü∂¶les;50800;48.8424;-1.23952;29.41
FR;50;50244;50660;HERENGUERVILLE;NT50X;50V;48.9780578613282;-1.50111103057861;Villedieu-les-Po«ü∂¶les;50800;48.8424;-1.23952;24.4
FR;50;50245;50640;HEUSSE;NT50X;50V;48.5072212219239;-0.900277972221373;Villedieu-les-Po«ü∂¶les;50800;48.8424;-1.23952;44.87
FR;50;50246;50480;HIESVILLE;NT50X;50S;49.3716659545897;-1.2613890171051;Cond«ü∂∏-sur-Vire;50890;49.046229053341;-0.991599705415;41.19
FR;50;50247;50320;HOCQUIGNY;NT50X;50V;48.8163871765141;-1.40638899803157;Villedieu-les-Po«ü∂¶les;50800;48.8424;-1.23952;12.59
FR;50;50248;50620;LE HOMMET D ARTHENAY;NT50X;50S;49.1883316040038;-1.18972194194792;Cond«ü∂∏-sur-Vire;50890;49.046229053341;-0.991599705415;21.42
FR;50;50249;50480;HOUESVILLE;NT50X;50S;49.3511123657228;-1.28722202777857;Cond«ü∂∏-sur-Vire;50890;49.046229053341;-0.991599705415;40.17
FR;50;50250;50250;HOUTTEVILLE;NT50X;50S;49.3380546569822;-1.36194396018982;Cond«ü∂∏-sur-Vire;50890;49.046229053341;-0.991599705415;42.21
FR;50;50252;50510;HUDIMESNIL;NT50X;50V;48.864166259766;-1.4919439554214;Villedieu-les-Po«ü∂¶les;50800;48.8424;-1.23952;18.68
FR;50;50253;50170;HUISNES SUR MER;NT50X;50V;48.6094436645508;-1.45138895511632;Villedieu-les-Po«ü∂¶les;50800;48.8424;-1.23952;30.23
FR;50;50254;50640;HUSSON;NT50X;50V;48.5713882446287;-0.891389012336713;Villedieu-les-Po«ü∂¶les;50800;48.8424;-1.23952;39.56
FR;50;50255;50660;HYENVILLE;NT50X;50V;48.9958343505858;-1.46805596351617;Villedieu-les-Po«ü∂¶les;50800;48.8424;-1.23952;23.91
FR;50;50256;50540;ISIGNY LE BUAT;NT50X;50V;48.610832214355;-1.16694402694702;Villedieu-les-Po«ü∂¶les;50800;48.8424;-1.23952;26.3
FR;50;50258;50310;JOGANVILLE;NT50X;50S;49.4700012207029;-1.34833300113682;Cond«ü∂∏-sur-Vire;50890;49.046229053341;-0.991599705415;53.81
FR;50;50259;50220;JUILLEY;NT50X;50V;48.5997238159179;-1.34138894081121;Villedieu-les-Po«ü∂¶les;50800;48.8424;-1.23952;28.01
FR;50;50260;50520;JUVIGNY LES VALLEES;NT50X;50V;48.6794433593748;-1.02083301544188;Villedieu-les-Po«ü∂¶les;50800;48.8424;-1.23952;24.23
FR;50;50261;50160;LAMBERVILLE;NT50X;50S;49.087501525879;-0.90833300352096;Cond«ü∂∏-sur-Vire;50890;49.046229053341;-0.991599705415;7.62
FR;50;50262;50800;LA LANDE D AIROU;NT50X;50V;48.81888961792;-1.27805602550512;Villedieu-les-Po«ü∂¶les;50800;48.8424;-1.23952;3.85
FR;50;50263;50600;LAPENTY;NT50X;50V;48.5797233581538;-1.00472199916838;Villedieu-les-Po«ü∂¶les;50800;48.8424;-1.23952;33.94
FR;50;50265;50430;LAULNE;NT50X;50S;49.2500000000002;-1.46972203254698;Cond«ü∂∏-sur-Vire;50890;49.046229053341;-0.991599705415;41.6
FR;50;50266;50450;LENGRONNE;NT50X;50V;48.934440612793;-1.3836100101471;Villedieu-les-Po«ü∂¶les;50800;48.8424;-1.23952;14.71
FR;50;50267;50430;LESSAY;NT50X;50S;49.2202796936043;-1.5311110019684;Cond«ü∂∏-sur-Vire;50890;49.046229053341;-0.991599705415;43.87
FR;50;50269;50480;LIESVILLE SUR DOUVE;NT50X;50S;49.356666564941;-1.33444404602047;Cond«ü∂∏-sur-Vire;50890;49.046229053341;-0.991599705415;42.62
FR;50;50270;50700;LIEUSAINT;NT50X;50S;49.4772224426269;-1.47777795791632;Cond«ü∂∏-sur-Vire;50890;49.046229053341;-0.991599705415;59.58
FR;50;50271;50670;LINGEARD;NT50X;50V;48.7391662597662;-1.02555596828461;Villedieu-les-Po«ü∂¶les;50800;48.8424;-1.23952;19.47
FR;50;50272;50660;LINGREVILLE;NT50X;50V;48.9530563354487;-1.52805602550507;Villedieu-les-Po«ü∂¶les;50800;48.8424;-1.23952;24.47
FR;50;50273;50250;LITHAIRE;NT50X;50S;49.3005561828609;-1.48333299159998;Cond«ü∂∏-sur-Vire;50890;49.046229053341;-0.991599705415;45.67
FR;50;50274;50600;LES LOGES MARCHIS;NT50X;50V;48.5436096191409;-1.08611094951628;Villedieu-les-Po«ü∂¶les;50800;48.8424;-1.23952;35.09
FR;50;50275;50370;LES LOGES SUR BRECEY;NT50X;50V;48.7677764892578;-1.17527794837949;Villedieu-les-Po«ü∂¶les;50800;48.8424;-1.23952;9.55
FR;50;50276;50530;LOLIF;NT50X;50V;48.7338905334472;-1.39083302021032;Villedieu-les-Po«ü∂¶les;50800;48.8424;-1.23952;16.41
FR;50;50277;50290;LONGUEVILLE;NT50X;50V;48.8558311462398;-1.54916703701021;Villedieu-les-Po«ü∂¶les;50800;48.8424;-1.23952;22.77
FR;50;50278;50510;LE LOREUR;NT50X;50V;48.8711128234858;-1.43027794361107;Villedieu-les-Po«ü∂¶les;50800;48.8424;-1.23952;14.36
FR;50;50279;50570;LE LOREY;NT50X;50V;49.0952796936038;-1.30583298206332;Villedieu-les-Po«ü∂¶les;50800;48.8424;-1.23952;28.54
FR;50;50280;50570;LOZON;NT50X;50V;49.1422233581539;-1.26333296298982;Villedieu-les-Po«ü∂¶les;50800;48.8424;-1.23952;33.39
FR;50;50281;50320;LA LUCERNE D OUTREMER;NT50X;50V;48.784999847412;-1.4263889789581;Villedieu-les-Po«ü∂¶les;50800;48.8424;-1.23952;15.14
FR;50;50282;50870;LE LUOT;NT50X;50V;48.757499694824;-1.31916701793673;Villedieu-les-Po«ü∂¶les;50800;48.8424;-1.23952;11.11
FR;50;50283;50680;LA LUZERNE;NT50X;50S;49.1413879394532;-1.04694402217859;Cond«ü∂∏-sur-Vire;50890;49.046229053341;-0.991599705415;11.33
FR;50;50284;50170;MACEY;NT50X;50V;48.5636100769039;-1.43222200870511;Villedieu-les-Po«ü∂¶les;50800;48.8424;-1.23952;34.09
FR;50;50286;50540;LA MANCELLIERE;NT50X;50V;48.6423;-1.16418;Villedieu-les-Po«ü∂¶les;50800;48.8424;-1.23952;22.93
FR;50;50287;50750;LA MANCELLIERE SUR VIRE;NT50X;50V;49.0677795410159;-1.0716700553894;Villedieu-les-Po«ü∂¶les;50800;48.8424;-1.23952;27.92
FR;50;50288;50300;MARCEY LES GREVES;NT50X;50V;48.6986122131351;-1.38972198963172;Villedieu-les-Po«ü∂¶les;50800;48.8424;-1.23952;19.43
FR;50;50289;50190;MARCHESIEUX;NT50X;50S;49.1883316040038;-1.29166698455812;Cond«ü∂∏-sur-Vire;50890;49.046229053341;-0.991599705415;27.01
FR;50;50290;50220;MARCILLY;NT50X;50V;48.6497230529789;-1.25166702270512;Villedieu-les-Po«ü∂¶les;50800;48.8424;-1.23952;21.45
FR;50;50291;50410;MARGUERAY;NT50X;50V;48.8966674804688;-1.14027798175812;Villedieu-les-Po«ü∂¶les;50800;48.8424;-1.23952;9.46
FR;50;50292;50570;MARIGNY LE LOZON;NT50X;50V;49.0983314514163;-1.24333298206329;Villedieu-les-Po«ü∂¶les;50800;48.8424;-1.23952;28.46
FR;50;50293;50600;MARTIGNY;NT50X;50V;48.6150016784671;-1.10611104965212;Villedieu-les-Po«ü∂¶les;50800;48.8424;-1.23952;27.13
FR;50;50295;50410;MAUPERTUIS;NT50X;50V;48.956943511963;-1.20000004768373;Villedieu-les-Po«ü∂¶les;50800;48.8424;-1.23952;13.06
FR;50;50297;50880;LA MEAUFFE;NT50X;50S;49.1786117553709;-1.10944402217863;Cond«ü∂∏-sur-Vire;50890;49.046229053341;-0.991599705415;17.05
FR;50;50298;50500;MEAUTIS;NT50X;50S;49.2788887023928;-1.30083298683169;Cond«ü∂∏-sur-Vire;50890;49.046229053341;-0.991599705415;34.32
FR;50;50300;50520;LE MESNIL ADELEE;NT50X;50V;48.7024993896482;-1.07249999046328;Villedieu-les-Po«ü∂¶les;50800;48.8424;-1.23952;19.82
FR;50;50301;50450;LE MESNIL AMAND;NT50X;50V;48.884166717529;-1.36055600643162;Villedieu-les-Po«ü∂¶les;50800;48.8424;-1.23952;10.02
FR;50;50302;50570;LE MESNIL AMEY;NT50X;50V;49.1049995422362;-1.20888900756839;Villedieu-les-Po«ü∂¶les;50800;48.8424;-1.23952;29.29
FR;50;50303;50620;LE MESNIL ANGOT;NT50X;50S;49.2244453430178;-1.19527804851533;Cond«ü∂∏-sur-Vire;50890;49.046229053341;-0.991599705415;24.77
FR;50;50304;50510;LE MESNIL AUBERT;NT50X;50V;48.9480552673339;-1.41333305835718;Villedieu-les-Po«ü∂¶les;50800;48.8424;-1.23952;17.33
FR;50;50306;50540;LE MESNIL BOEUFS;NT50X;50V;48.627778154481;-1.150067095153;Villedieu-les-Po«ü∂¶les;50800;48.8424;-1.23952;24.76
FR;50;50307;50450;LE MESNIL BONANT;NT50X;50V;48.899546284953;-1.300020025891;Villedieu-les-Po«ü∂¶les;50800;48.8424;-1.23952;7.75
FR;50;50308;50490;LE MESNILBUS;NT50X;50V;49.1347236633301;-1.34833300113682;Villedieu-les-Po«ü∂¶les;50800;48.8424;-1.23952;33.47
FR;50;50309;50320;LE MESNIL DREY;NT50X;50V;48.809546;-1.4203368;Villedieu-les-Po«ü∂¶les;50800;48.8424;-1.23952;13.77
FR;50;50310;50570;LE MESNIL EURY;NT50X;50S;49.1527786254881;-1.23749995231628;Cond«ü∂∏-sur-Vire;50890;49.046229053341;-0.991599705415;21.51
FR;50;50311;50450;LE MESNIL GARNIER;NT50X;50V;48.8672218322753;-1.3072220087051;Villedieu-les-Po«ü∂¶les;50800;48.8424;-1.23952;5.68
FR;50;50312;50670;LE MESNIL GILBERT;NT50X;50V;48.7161102294922;-1.06222200393678;Villedieu-les-Po«ü∂¶les;50800;48.8424;-1.23952;19.16
FR;50;50313;50750;LE MESNIL HERMAN;NT50X;50V;49.027221679688;-1.14471995830537;Villedieu-les-Po«ü∂¶les;50800;48.8424;-1.23952;21.7
FR;50;50314;50450;LE MESNIL HUE;NT50X;50V;48.889359634385;-1.300110245736;Villedieu-les-Po«ü∂¶les;50800;48.8424;-1.23952;6.86
FR;50;50315;50600;LE MESNILLARD;NT50X;50V;48.6288871765141;-1.07000005245209;Villedieu-les-Po«ü∂¶les;50800;48.8424;-1.23952;26.82
FR;50;50316;50860;LE MESNIL OPAC;NT50X;50V;49.0127792358401;-1.09472203254702;Villedieu-les-Po«ü∂¶les;50800;48.8424;-1.23952;21.72
FR;50;50317;50220;LE MESNIL OZENNE;NT50X;50V;48.6683311462398;-1.23249995708471;Villedieu-les-Po«ü∂¶les;50800;48.8424;-1.23952;19.36
FR;50;50318;50520;LE MESNIL RAINFRAY;NT50X;50V;48.6688880920412;-1.05666697025301;Villedieu-les-Po«ü∂¶les;50800;48.8424;-1.23952;23.52
FR;50;50319;50420;LE MESNIL RAOULT;NT50X;50V;49.0341682434078;-1.06027805805212;Villedieu-les-Po«ü∂¶les;50800;48.8424;-1.23952;25.04
FR;50;50320;50450;LE MESNIL ROGUES;NT50X;50V;48.8647232055657;-1.380833029747;Villedieu-les-Po«ü∂¶les;50800;48.8424;-1.23952;10.66
FR;50;50321;50000;LE MESNIL ROUXELIN;NT50X;50S;49.1494445800778;-1.08527803421022;Cond«ü∂∏-sur-Vire;50890;49.046229053341;-0.991599705415;13.36
FR;50;50322;50540;LE MESNIL THEBAULT;NT50X;50V;48.61254;-1.19493;Villedieu-les-Po«ü∂¶les;50800;48.8424;-1.23952;25.77
FR;50;50323;50520;LE MESNIL TOVE;NT50X;50V;48.7013893127439;-1.02166700363158;Villedieu-les-Po«ü∂¶les;50800;48.8424;-1.23952;22.41
FR;50;50324;50620;LE MESNIL VENERON;NT50X;50S;49.2272224426272;-1.16472196578981;Cond«ü∂∏-sur-Vire;50890;49.046229053341;-0.991599705415;23.76
FR;50;50325;50570;LE MESNIL VIGOT;NT50X;50S;49.1569442749022;-1.28111100196839;Cond«ü∂∏-sur-Vire;50890;49.046229053341;-0.991599705415;24.47
FR;50;50326;50450;LE MESNIL VILLEMAN;NT50X;50V;48.866111755371;-1.32611095905303;Villedieu-les-Po«ü∂¶les;50800;48.8424;-1.23952;6.88
FR;50;50327;50510;LA MEURDRAQUIERE;NT50X;50V;48.8513908386233;-1.4083329439163;Villedieu-les-Po«ü∂¶les;50800;48.8424;-1.23952;12.43
FR;50;50328;50190;MILLIERES;NT50X;50S;49.1880569458008;-1.45916700363157;Cond«ü∂∏-sur-Vire;50890;49.046229053341;-0.991599705415;37.6
FR;50;50329;50600;MILLY;NT50X;50V;48.6025009155267;-1.01777803897861;Villedieu-les-Po«ü∂¶les;50800;48.8424;-1.23952;31.27
FR;50;50330;50250;MOBECQ;NT50X;50S;49.273334503174;-1.5183329582214;Cond«ü∂∏-sur-Vire;50890;49.046229053341;-0.991599705415;45.98
FR;50;50331;50170;MOIDREY;NT50X;50V;48.57558;-1.50573;Villedieu-les-Po«ü∂¶les;50800;48.8424;-1.23952;35.56
FR;50;50333;50360;LES MOITIERS EN BAUPTOIS;NT50X;50S;49.3663902282708;-1.43166697025303;Cond«ü∂∏-sur-Vire;50890;49.046229053341;-0.991599705415;47.92
FR;50;50334;50410;MONTABOT;NT50X;50V;48.9352798461912;-1.12694394588471;Villedieu-les-Po«ü∂¶les;50800;48.8424;-1.23952;13.22
FR;50;50336;50450;MONTAIGU LES BOIS;NT50X;50V;48.8922233581542;-1.27999997138979;Villedieu-les-Po«ü∂¶les;50800;48.8424;-1.23952;6.29
FR;50;50337;50240;MONTANEL;NT50X;50V;48.4966659545898;-1.42027795314792;Villedieu-les-Po«ü∂¶les;50800;48.8424;-1.23952;40.69
FR;50;50338;50410;MONTBRAY;NT50X;50V;48.8813896179202;-1.09500002861019;Villedieu-les-Po«ü∂¶les;50800;48.8424;-1.23952;11.46
FR;50;50339;50660;MONTCHATON;NT50X;50V;49.0116653442378;-1.50083303451538;Villedieu-les-Po«ü∂¶les;50800;48.8424;-1.23952;26.85
FR;50;50340;50490;MONTCUIT;NT50X;50V;49.1216659545901;-1.3416670560837;Villedieu-les-Po«ü∂¶les;50800;48.8424;-1.23952;31.94
FR;50;50341;50310;MONTEBOURG;NT50X;50S;49.4883346557619;-1.37999999523157;Cond«ü∂∏-sur-Vire;50890;49.046229053341;-0.991599705415;56.72
FR;50;50343;50250;MONTGARDON;NT50X;50S;49.2802772521969;-1.57166695594793;Cond«ü∂∏-sur-Vire;50890;49.046229053341;-0.991599705415;49.67
FR;50;50344;50540;MONTGOTHIER;NT50X;50V;48.6438;-1.1961;Villedieu-les-Po«ü∂¶les;50800;48.8424;-1.23952;22.31
FR;50;50345;50200;MONTHUCHON;NT50X;50V;49.0841674804688;-1.42027795314792;Villedieu-les-Po«ü∂¶les;50800;48.8424;-1.23952;29.97
FR;50;50346;50540;MONTIGNY;NT50X;50V;48.6453;-1.12606;Villedieu-les-Po«ü∂¶les;50800;48.8424;-1.23952;23.45
FR;50;50347;50240;MONTJOIE ST MARTIN;NT50X;50V;48.5325012207027;-1.28999996185299;Villedieu-les-Po«ü∂¶les;50800;48.8424;-1.23952;34.66
FR;50;50348;50620;MONTMARTIN EN GRAIGNES;NT50X;50S;49.2761116027828;-1.14638900756841;Cond«ü∂∏-sur-Vire;50890;49.046229053341;-0.991599705415;27.95
FR;50;50349;50590;MONTMARTIN SUR MER;NT50X;50V;48.9900016784671;-1.52416694164279;Villedieu-les-Po«ü∂¶les;50800;48.8424;-1.23952;26.55
FR;50;50350;50210;MONTPINCHON;NT50X;50V;49.022220611572;-1.30944395065311;Villedieu-les-Po«ü∂¶les;50800;48.8424;-1.23952;20.64
FR;50;50351;50810;MONTRABOT;NT50X;50S;49.1100006103522;-0.886389017105081;Cond«ü∂∏-sur-Vire;50890;49.046229053341;-0.991599705415;10.46
FR;50;50352;50570;MONTREUIL SUR LOZON;NT50X;50V;49.1397209167481;-1.2397220134735;Villedieu-les-Po«ü∂¶les;50800;48.8424;-1.23952;33.06
FR;50;50353;50170;LE MONT ST MICHEL;NT50X;50V;48.6363906860347;-1.5102779865265;Villedieu-les-Po«ü∂¶les;50800;48.8424;-1.23952;30.36
FR;50;50354;50200;MONTSURVENT;NT50X;50V;49.114723205566;-1.49666702747339;Villedieu-les-Po«ü∂¶les;50800;48.8424;-1.23952;35.66
FR;50;50355;50530;MONTVIRON;NT50X;50V;48.7366676330572;-1.4205559492111;Villedieu-les-Po«ü∂¶les;50800;48.8424;-1.23952;17.75
FR;50;50356;50680;MOON SUR ELLE;NT50X;50S;49.2061119079588;-1.04694402217859;Cond«ü∂∏-sur-Vire;50890;49.046229053341;-0.991599705415;18.23
FR;50;50357;50410;MORIGNY;NT50X;50V;48.8833312988277;-1.05833303928381;Villedieu-les-Po«ü∂¶les;50800;48.8424;-1.23952;14.05
FR;50;50359;50140;MORTAIN BOCAGE;NT50X;50V;48.6502761840818;-0.939444005489359;Villedieu-les-Po«ü∂¶les;50800;48.8424;-1.23952;30.72
FR;50;50361;50320;LA MOUCHE;NT50X;50V;48.7933311462402;-1.35000002384189;Villedieu-les-Po«ü∂¶les;50800;48.8424;-1.23952;9.78
FR;50;50362;50600;MOULINES;NT50X;50V;48.5466651916502;-1.03138899803162;Villedieu-les-Po«ü∂¶les;50800;48.8424;-1.23952;36.28
FR;50;50363;50860;MOYON;NT50X;50V;48.9994430541991;-1.11749994754791;Villedieu-les-Po«ü∂¶les;50800;48.8424;-1.23952;19.62
FR;50;50364;50490;MUNEVILLE LE BINGARD;NT50X;50V;49.1211128234861;-1.47583305835721;Villedieu-les-Po«ü∂¶les;50800;48.8424;-1.23952;35.5
FR;50;50365;50290;MUNEVILLE SUR MER;NT50X;50V;48.9344444274899;-1.49083304405211;Villedieu-les-Po«ü∂¶les;50800;48.8424;-1.23952;21.08
FR;50;50367;50540;NAFTEL;NT50X;50V;48.6098614;-1.132535;Villedieu-les-Po«ü∂¶les;50800;48.8424;-1.23952;27.03
FR;50;50368;50190;NAY;NT50X;50S;49.2358322143553;-1.36972200870508;Cond«ü∂∏-sur-Vire;50890;49.046229053341;-0.991599705415;34.72
FR;50;50371;50140;LE NEUFBOURG;NT50X;50V;48.6552772521972;-0.946389019489296;Villedieu-les-Po«ü∂¶les;50800;48.8424;-1.23952;29.96
FR;50;50372;50250;NEUFMESNIL;NT50X;50S;49.3133316040042;-1.53611099719998;Cond«ü∂∏-sur-Vire;50890;49.046229053341;-0.991599705415;49.58
FR;50;50373;50480;NEUVILLE AU PLAIN;NT50X;50S;49.4297218322748;-1.32972204685207;Cond«ü∂∏-sur-Vire;50890;49.046229053341;-0.991599705415;49.25
FR;50;50376;50200;NICORPS;NT50X;50V;49.0277786254883;-1.41944396495822;Villedieu-les-Po«ü∂¶les;50800;48.8424;-1.23952;24.47
FR;50;50377;50320;NOIRPALU;NT50X;50V;48.7922;-1.32757;Villedieu-les-Po«ü∂¶les;50800;48.8424;-1.23952;8.54
FR;50;50378;50210;NOTRE DAME DE CENILLY;NT50X;50V;48.9980545043949;-1.25611102581017;Villedieu-les-Po«ü∂¶les;50800;48.8424;-1.23952;17.35
FR;50;50379;50370;NOTRE DAME DE LIVOYE;NT50X;50V;48.7444458007809;-1.20416700839999;Villedieu-les-Po«ü∂¶les;50800;48.8424;-1.23952;11.2
FR;50;50380;50810;NOTRE DAME D ELLE;NT50X;50S;49.1111106872559;-0.95916700363161;Cond«ü∂∏-sur-Vire;50890;49.046229053341;-0.991599705415;7.59
FR;50;50381;50140;NOTRE DAME DU TOUCHET;NT50X;50V;48.5838890075679;-0.954443991184256;Villedieu-les-Po«ü∂¶les;50800;48.8424;-1.23952;35.59
FR;50;50387;50390;ORGLANDES;NT50X;50S;49.4219436645512;-1.44833302497861;Cond«ü∂∏-sur-Vire;50890;49.046229053341;-0.991599705415;53.41
FR;50;50388;50660;ORVAL SUR SIENNE;NT50X;50V;49.0136108398439;-1.46916699409478;Villedieu-les-Po«ü∂¶les;50800;48.8424;-1.23952;25.41
FR;50;50389;50210;OUVILLE;NT50X;50V;49.0202789306639;-1.36194396018982;Villedieu-les-Po«ü∂¶les;50800;48.8424;-1.23952;21.72
FR;50;50390;50310;OZEVILLE;NT50X;50S;49.4966659545901;-1.3302780389786;Cond«ü∂∏-sur-Vire;50890;49.046229053341;-0.991599705415;55.83
FR;50;50391;50600;GRANDPARIGNY;NT50X;50V;48.5963897705082;-1.07777798175809;Villedieu-les-Po«ü∂¶les;50800;48.8424;-1.23952;29.83
FR;50;50392;50170;LES PAS;NT50X;50V;48.43;-0.69972;Villedieu-les-Po«ü∂¶les;50800;48.8424;-1.23952;60.71
FR;50;50393;50410;PERCY EN NORMANDIE;NT50X;50V;48.918609619141;-1.18861103057862;Villedieu-les-Po«ü∂¶les;50800;48.8424;-1.23952;9.26
FR;50;50394;50190;PERIERS;NT50X;50S;49.1875;-1.40750002861018;Cond«ü∂∏-sur-Vire;50890;49.046229053341;-0.991599705415;34.19
FR;50;50397;50150;PERRIERS EN BEAUFICEL;NT50X;50V;48.7383346557618;-0.996110975742329;Villedieu-les-Po«ü∂¶les;50800;48.8424;-1.23952;21.3
FR;50;50398;50160;LE PERRON;NT50X;50S;49.0530548095702;-0.904443979263306;Cond«ü∂∏-sur-Vire;50890;49.046229053341;-0.991599705415;6.42
FR;50;50399;50370;LE PETIT CELLAND;NT50X;50V;48.6972236633298;-1.21166694164281;Villedieu-les-Po«ü∂¶les;50800;48.8424;-1.23952;16.27
FR;50;50400;50360;PICAUVILLE;NT50X;50S;49.3800010681148;-1.3988889455795;Cond«ü∂∏-sur-Vire;50890;49.046229053341;-0.991599705415;47.52
FR;50;50403;50770;PIROU;NT50X;50V;49.1822204589841;-1.57166695594793;Villedieu-les-Po«ü∂¶les;50800;48.8424;-1.23952;44.93
FR;50;50404;50160;PLACY MONTAIGU;NT50X;50S;49.0308341979981;-0.904166996479027;Cond«ü∂∏-sur-Vire;50890;49.046229053341;-0.991599705415;6.62
FR;50;50405;50250;LE PLESSIS LASTELLE;NT50X;50S;49.273056030273;-1.4563889503479;Cond«ü∂∏-sur-Vire;50890;49.046229053341;-0.991599705415;42.26
FR;50;50406;50870;PLOMB;NT50X;50V;48.7322235107421;-1.30055594444273;Villedieu-les-Po«ü∂¶les;50800;48.8424;-1.23952;13.05
FR;50;50407;50220;POILLEY;NT50X;50V;48.6188888549802;-1.30944395065311;Villedieu-les-Po«ü∂¶les;50800;48.8424;-1.23952;25.38
FR;50;50408;50220;PONTAUBAULT;NT50X;50V;48.6294441223138;-1.3497220277786;Villedieu-les-Po«ü∂¶les;50800;48.8424;-1.23952;25.03
FR;50;50409;50880;PONT HEBERT;NT50X;50S;49.166667938232;-1.12833297252661;Cond«ü∂∏-sur-Vire;50890;49.046229053341;-0.991599705415;16.71
FR;50;50410;50170;PONTORSON;NT50X;50V;48.5572204589838;-1.5083329677582;Villedieu-les-Po«ü∂¶les;50800;48.8424;-1.23952;37.38
FR;50;50411;50300;PONTS;NT50X;50V;48.7005577087401;-1.3463890552521;Villedieu-les-Po«ü∂¶les;50800;48.8424;-1.23952;17.62
FR;50;50413;50220;PRECEY;NT50X;50V;48.6088905334468;-1.37527799606317;Villedieu-les-Po«ü∂¶les;50800;48.8424;-1.23952;27.82
FR;50;50414;50810;PRECORBIN;NT50X;50S;49.0872230529792;-0.960277974605588;Cond«ü∂∏-sur-Vire;50890;49.046229053341;-0.991599705415;5.1
FR;50;50415;50250;PRETOT STE SUZANNE;NT50X;50S;49.3238906860353;-1.42499995231632;Cond«ü∂∏-sur-Vire;50890;49.046229053341;-0.991599705415;44.18
FR;50;50419;50660;QUETTREVILLE SUR SIENNE;NT50X;50V;48.9694442749022;-1.4655560255051;Villedieu-les-Po«ü∂¶les;50800;48.8424;-1.23952;21.78
FR;50;50420;50750;QUIBOU;NT50X;50V;49.0672225952151;-1.20055603981019;Villedieu-les-Po«ü∂¶les;50800;48.8424;-1.23952;25.16
FR;50;50421;50310;QUINEVILLE;NT50X;50S;49.5133323669429;-1.2983330488205;Cond«ü∂∏-sur-Vire;50890;49.046229053341;-0.991599705415;56.54
FR;50;50422;50500;RAIDS;NT50X;50S;49.2177772521973;-1.34333300590519;Cond«ü∂∏-sur-Vire;50890;49.046229053341;-0.991599705415;31.98
FR;50;50423;50000;RAMPAN;NT50X;50S;49.1397209167481;-1.14777803421019;Cond«ü∂∏-sur-Vire;50890;49.046229053341;-0.991599705415;15.43
FR;50;50424;50140;RANCOUDRAY;NT50X;50V;48.643659953171;-0.871661013091;Villedieu-les-Po«ü∂¶les;50800;48.8424;-1.23952;34.93
FR;50;50426;50390;RAUVILLE LA PLACE;NT50X;50S;49.3888893127439;-1.5036109685898;Cond«ü∂∏-sur-Vire;50890;49.046229053341;-0.991599705415;53.33
FR;50;50427;50480;RAVENOVILLE;NT50X;50S;49.4572219848627;-1.26999998092652;Cond«ü∂∏-sur-Vire;50890;49.046229053341;-0.991599705415;50.0
FR;50;50428;50520;REFFUVEILLE;NT50X;50V;48.6711120605472;-1.11194396018981;Villedieu-les-Po«ü∂¶les;50800;48.8424;-1.23952;21.23
FR;50;50429;50590;REGNEVILLE SUR MER;NT50X;50V;49.0086097717291;-1.54972195625309;Villedieu-les-Po«ü∂¶les;50800;48.8424;-1.23952;29.3
FR;50;50430;50390;REIGNEVILLE BOCAGE;NT50X;50S;49.408611297607;-1.47194397449487;Cond«ü∂∏-sur-Vire;50890;49.046229053341;-0.991599705415;53.37
FR;50;50431;50570;REMILLY LES MARAIS;NT50X;50S;49.1800003051762;-1.25694394111629;Cond«ü∂∏-sur-Vire;50890;49.046229053341;-0.991599705415;24.43
FR;50;50431;50570;REMILLY SUR LOZON;NT50X;50S;49.1800003051762;-1.25694394111629;Cond«ü∂∏-sur-Vire;50890;49.046229053341;-0.991599705415;24.43
FR;50;50434;50530;LA ROCHELLE NORMANDE;NT50X;50V;48.7658348083503;-1.43305599689481;Villedieu-les-Po«ü∂¶les;50800;48.8424;-1.23952;16.57
FR;50;50436;50140;ROMAGNY FONTENAY;NT50X;50V;48.642501831055;-0.965556025505081;Villedieu-les-Po«ü∂¶les;50800;48.8424;-1.23952;30.0
FR;50;50437;50210;RONCEY;NT50X;50V;48.9919433593753;-1.33194398879997;Villedieu-les-Po«ü∂¶les;50800;48.8424;-1.23952;17.96
FR;50;50438;50490;LA RONDE HAYE;NT50X;50V;49.1272201538089;-1.44055604934688;Villedieu-les-Po«ü∂¶les;50800;48.8424;-1.23952;34.93
FR;50;50439;50530;RONTHON;NT50X;50V;48.7295;-1.48275;Villedieu-les-Po«ü∂¶les;50800;48.8424;-1.23952;21.84
FR;50;50440;50800;ROUFFIGNY;NT50X;50V;48.8061103820798;-1.25361096858979;Villedieu-les-Po«ü∂¶les;50800;48.8424;-1.23952;4.17
FR;50;50441;50810;ROUXEVILLE;NT50X;50S;49.1030578613281;-0.944721996784225;Cond«ü∂∏-sur-Vire;50890;49.046229053341;-0.991599705415;7.19
FR;50;50443;50170;SACEY;NT50X;50V;48.5108337402341;-1.44916701316831;Villedieu-les-Po«ü∂¶les;50800;48.8424;-1.23952;39.97
FR;50;50444;50160;ST AMAND;NT50X;50S;49.042778015137;-0.965833008289359;Cond«ü∂∏-sur-Vire;50890;49.046229053341;-0.991599705415;1.92
FR;50;50445;50500;ST ANDRE DE BOHON;NT50X;50S;49.2338905334471;-1.25027799606323;Cond«ü∂∏-sur-Vire;50890;49.046229053341;-0.991599705415;28.14
FR;50;50446;50680;ST ANDRE DE L EPINE;NT50X;50S;49.1411094665528;-1.01194405555728;Cond«ü∂∏-sur-Vire;50890;49.046229053341;-0.991599705415;10.66
FR;50;50447;50380;ST AUBIN DES PREAUX;NT50X;50V;48.8052787780759;-1.50750005245208;Villedieu-les-Po«ü∂¶les;50800;48.8424;-1.23952;20.11
FR;50;50448;50240;ST AUBIN DE TERREGATTE;NT50X;50V;48.5774993896478;-1.29750001430513;Villedieu-les-Po«ü∂¶les;50800;48.8424;-1.23952;29.77
FR;50;50449;50490;ST AUBIN DU PERRON;NT50X;50V;49.1452789306637;-1.3680560588837;Villedieu-les-Po«ü∂¶les;50800;48.8424;-1.23952;34.97
FR;50;50450;50140;ST BARTHELEMY;NT50X;50V;48.6841659545898;-0.95194399356844;Villedieu-les-Po«ü∂¶les;50800;48.8424;-1.23952;27.51
FR;50;50451;50300;ST BRICE;NT50X;50V;48.699443817139;-1.30750000476839;Villedieu-les-Po«ü∂¶les;50800;48.8424;-1.23952;16.66
FR;50;50452;50730;ST BRICE DE LANDELLES;NT50X;50V;48.5352783203127;-1.15138900279999;Villedieu-les-Po«ü∂¶les;50800;48.8424;-1.23952;34.76
FR;50;50453;50800;STE CECILE;NT50X;50V;48.837223052979;-1.1888890266418;Villedieu-les-Po«ü∂¶les;50800;48.8424;-1.23952;3.76
FR;50;50455;50680;ST CLAIR SUR L ELLE;NT50X;50S;49.1922225952149;-1.02888894081117;Cond«ü∂∏-sur-Vire;50890;49.046229053341;-0.991599705415;16.46
FR;50;50456;50140;ST CLEMENT RANCOUDRAY;NT50X;50V;48.676387786865;-0.887499988079059;Villedieu-les-Po«ü∂¶les;50800;48.8424;-1.23952;31.79
FR;50;50458;50500;ST COME DU MONT;NT50X;50S;49.3349990844729;-1.27083301544189;Cond«ü∂∏-sur-Vire;50890;49.046229053341;-0.991599705415;38.02
FR;50;50461;50310;ST CYR;NT50X;50S;49.490001678467;-1.4175000190735;Cond«ü∂∏-sur-Vire;50890;49.046229053341;-0.991599705415;58.28
FR;50;50462;50720;ST CYR DU BAILLEUL;NT50X;50V;48.567779541016;-0.799166977405551;Villedieu-les-Po«ü∂¶les;50800;48.8424;-1.23952;44.53
FR;50;50463;50450;ST DENIS LE GAST;NT50X;50V;48.9416656494138;-1.32861101627353;Villedieu-les-Po«ü∂¶les;50800;48.8424;-1.23952;12.83
FR;50;50464;50210;ST DENIS LE VETU;NT50X;50V;48.9891662597659;-1.4036109447479;Villedieu-les-Po«ü∂¶les;50800;48.8424;-1.23952;20.27
FR;50;50465;50750;ST EBREMOND DE BONFOSSE;NT50X;50V;49.0669441223141;-1.14861094951631;Villedieu-les-Po«ü∂¶les;50800;48.8424;-1.23952;25.84
FR;50;50466;50870;STE EUGIENNE;NT50X;50V;48.736747460804;-1.278939783475;Villedieu-les-Po«ü∂¶les;50800;48.8424;-1.23952;12.1
FR;50;50467;50310;ST FLOXEL;NT50X;50S;49.4911117553708;-1.35138905048368;Cond«ü∂∏-sur-Vire;50890;49.046229053341;-0.991599705415;55.98
FR;50;50468;50620;ST FROMOND;NT50X;50S;49.2155570983887;-1.10000002384188;Cond«ü∂∏-sur-Vire;50890;49.046229053341;-0.991599705415;20.43
FR;50;50470;50500;ST GEORGES DE BOHON;NT50X;50S;49.2569427490231;-1.25722205638889;Cond«ü∂∏-sur-Vire;50890;49.046229053341;-0.991599705415;30.41
FR;50;50472;50370;ST GEORGES DE LIVOYE;NT50X;50V;48.7380561828608;-1.21555602550509;Villedieu-les-Po«ü∂¶les;50800;48.8424;-1.23952;11.74
FR;50;50473;50680;ST GEORGES D ELLE;NT50X;50S;49.1483345031741;-0.968333005905175;Cond«ü∂∏-sur-Vire;50890;49.046229053341;-0.991599705415;11.48
FR;50;50474;50720;ST GEORGES DE ROUELLEY;NT50X;50V;48.6033325195312;-0.766389012336708;Villedieu-les-Po«ü∂¶les;50800;48.8424;-1.23952;43.8
FR;50;50475;50000;ST GEORGES MONTCOCQ;NT50X;50S;49.1302795410161;-1.09388899803159;Cond«ü∂∏-sur-Vire;50890;49.046229053341;-0.991599705415;11.97
FR;50;50476;50810;ST GERMAIN D ELLE;NT50X;50S;49.1222229003909;-0.919722020626063;Cond«ü∂∏-sur-Vire;50890;49.046229053341;-0.991599705415;9.95
FR;50;50479;50480;ST GERMAIN DE VARREVILLE;NT50X;50S;49.4372215270998;-1.255833029747;Cond«ü∂∏-sur-Vire;50890;49.046229053341;-0.991599705415;47.55
FR;50;50481;50430;ST GERMAIN SUR AY;NT50X;50S;49.2355575561523;-1.592777967453;Cond«ü∂∏-sur-Vire;50890;49.046229053341;-0.991599705415;48.66
FR;50;50482;50190;ST GERMAIN SUR SEVES;NT50X;50S;49.2224998474122;-1.37055599689477;Cond«ü∂∏-sur-Vire;50890;49.046229053341;-0.991599705415;33.9
FR;50;50483;50180;ST GILLES;NT50X;50V;49.1036109924321;-1.17416703701019;Villedieu-les-Po«ü∂¶les;50800;48.8424;-1.23952;29.44
FR;50;50484;50600;ST HILAIRE DU HARCOUET;NT50X;50V;48.5797233581538;-1.09166705608369;Villedieu-les-Po«ü∂¶les;50800;48.8424;-1.23952;31.17
FR;50;50485;50500;ST HILAIRE PETITVILLE;NT50X;50S;49.3036117553713;-1.22777795791631;Cond«ü∂∏-sur-Vire;50890;49.046229053341;-0.991599705415;33.41
FR;50;50487;50240;ST JAMES;NT50X;50V;48.5241661071782;-1.3230559825897;Villedieu-les-Po«ü∂¶les;50800;48.8424;-1.23952;35.92
FR;50;50488;50620;ST JEAN DE DAYE;NT50X;50S;49.2283325195309;-1.13583302497863;Cond«ü∂∏-sur-Vire;50890;49.046229053341;-0.991599705415;22.82
FR;50;50489;50300;ST JEAN DE LA HAIZE;NT50X;50V;48.7000007629392;-1.36166703701017;Villedieu-les-Po«ü∂¶les;50800;48.8424;-1.23952;18.2
FR;50;50491;50680;ST JEAN DE SAVIGNY;NT50X;50S;49.1944427490229;-0.993055999279001;Cond«ü∂∏-sur-Vire;50890;49.046229053341;-0.991599705415;16.48
FR;50;50492;50810;ST JEAN DES BAISANTS;NT50X;50S;49.094722747803;-0.973610997199983;Cond«ü∂∏-sur-Vire;50890;49.046229053341;-0.991599705415;5.55
FR;50;50493;50320;ST JEAN DES CHAMPS;NT50X;50V;48.8283348083499;-1.46444404125211;Villedieu-les-Po«ü∂¶les;50800;48.8424;-1.23952;16.59
FR;50;50494;50140;ST JEAN DU CORAIL;NT50X;50V;48.6102790832521;-0.907221972942355;Villedieu-les-Po«ü∂¶les;50800;48.8424;-1.23952;35.55
FR;50;50495;50370;ST JEAN DU CORAIL DES BOIS;NT50X;50V;48.7683334350592;-1.2002780437469;Villedieu-les-Po«ü∂¶les;50800;48.8424;-1.23952;8.73
FR;50;50496;50530;ST JEAN LE THOMAS;NT50X;50V;48.7319450378423;-1.51277804374689;Villedieu-les-Po«ü∂¶les;50800;48.8424;-1.23952;23.54
FR;50;50497;50250;ST JORES;NT50X;50S;49.3041687011721;-1.4222220182419;Cond«ü∂∏-sur-Vire;50890;49.046229053341;-0.991599705415;42.53
FR;50;50499;50670;ST LAURENT DE CUVES;NT50X;50V;48.7519454956052;-1.12222194671631;Villedieu-les-Po«ü∂¶les;50800;48.8424;-1.23952;13.25
FR;50;50500;50240;ST LAURENT DE TERREGATTE;NT50X;50V;48.572776794434;-1.2588889598846;Villedieu-les-Po«ü∂¶les;50800;48.8424;-1.23952;30.02
FR;50;50501;50320;ST LEGER;NT50X;50V;48.797996711889;-1.478035830551;Villedieu-les-Po«ü∂¶les;50800;48.8424;-1.23952;18.2
FR;50;50502;50000;ST LO;NT50X;50S;49.1138877868653;-1.09194397926328;Cond«ü∂∏-sur-Vire;50890;49.046229053341;-0.991599705415;10.5
FR;50;50504;50420;ST LOUET SUR VIRE;NT50X;50V;48.9922218322751;-0.98861098289488;Villedieu-les-Po«ü∂¶les;50800;48.8424;-1.23952;24.82
FR;50;50505;50300;ST LOUP;NT50X;50V;48.6702766418459;-1.2936110496521;Villedieu-les-Po«ü∂¶les;50800;48.8424;-1.23952;19.55
FR;50;50506;50200;ST MALO DE LA LANDE;NT50X;50V;49.0705566406248;-1.53861105442048;Villedieu-les-Po«ü∂¶les;50800;48.8424;-1.23952;33.52
FR;50;50507;50310;ST MARCOUF;NT50X;50S;49.4733314514158;-1.28972196578982;Cond«ü∂∏-sur-Vire;50890;49.046229053341;-0.991599705415;52.22
FR;50;50508;50640;STE MARIE DU BOIS;NT50X;50V;48.5641670227048;-0.890277981758108;Villedieu-les-Po«ü∂¶les;50800;48.8424;-1.23952;40.23
FR;50;50509;50480;STE MARIE DU MONT;NT50X;50S;49.3791656494141;-1.2255560159683;Cond«ü∂∏-sur-Vire;50890;49.046229053341;-0.991599705415;40.76
FR;50;50510;50190;ST MARTIN D AUBIGNY;NT50X;50S;49.166667938232;-1.34916698932652;Cond«ü∂∏-sur-Vire;50890;49.046229053341;-0.991599705415;29.34
FR;50;50512;50750;ST MARTIN DE BONFOSSE;NT50X;50V;49.0538902282709;-1.1688899993896;Villedieu-les-Po«ü∂¶les;50800;48.8424;-1.23952;24.08
FR;50;50513;50210;ST MARTIN DE CENILLY;NT50X;50V;48.9850006103517;-1.28027796745302;Villedieu-les-Po«ü∂¶les;50800;48.8424;-1.23952;16.14
FR;50;50514;50150;CHAULIEU;NT50X;50V;48.7350006103521;-0.860556006431605;Villedieu-les-Po«ü∂¶les;50800;48.8424;-1.23952;30.3
FR;50;50515;50730;ST MARTIN DE LANDELLES;NT50X;50V;48.5466651916502;-1.17111098766328;Villedieu-les-Po«ü∂¶les;50800;48.8424;-1.23952;33.27
FR;50;50516;50300;ST MARTIN DES CHAMPS;NT50X;50V;48.6708335876462;-1.3294440507889;Villedieu-les-Po«ü∂¶les;50800;48.8424;-1.23952;20.19
FR;50;50517;50480;ST MARTIN DE VARREVILLE;NT50X;50S;49.4283332824713;-1.23638904094699;Cond«ü∂∏-sur-Vire;50890;49.046229053341;-0.991599705415;46.08
FR;50;50518;50800;ST MARTIN LE BOUILLANT;NT50X;50V;48.7866668701171;-1.17666697502138;Villedieu-les-Po«ü∂¶les;50800;48.8424;-1.23952;7.73
FR;50;50521;50800;ST MAUR DES BOIS;NT50X;50V;48.8236122131349;-1.15694403648382;Villedieu-les-Po«ü∂¶les;50800;48.8424;-1.23952;6.41
FR;50;50523;50480;STE MERE EGLISE;NT50X;50S;49.408611297607;-1.3174999952316;Cond«ü∂∏-sur-Vire;50890;49.046229053341;-0.991599705415;46.77
FR;50;50524;50490;ST MICHEL DE LA PIERRE;NT50X;50V;49.1391677856452;-1.3830560445786;Villedieu-les-Po«ü∂¶les;50800;48.8424;-1.23952;34.63
FR;50;50525;50670;ST MICHEL DE MONTJOIE;NT50X;50V;48.7638893127441;-1.02638900279998;Villedieu-les-Po«ü∂¶les;50800;48.8424;-1.23952;17.93
FR;50;50526;50740;ST MICHEL DES LOUPS;NT50X;50V;48.76234;-1.52987;Villedieu-les-Po«ü∂¶les;50800;48.8424;-1.23952;23.11
FR;50;50529;50370;ST NICOLAS DES BOIS;NT50X;50V;48.7569427490232;-1.19333302974702;Villedieu-les-Po«ü∂¶les;50800;48.8424;-1.23952;10.09
FR;50;50531;50300;ST OVIN;NT50X;50V;48.6836128234858;-1.26027798652649;Villedieu-les-Po«ü∂¶les;50800;48.8424;-1.23952;17.72
FR;50;50532;50380;ST PAIR SUR MER;NT50X;50V;48.8169441223138;-1.5688890218735;Villedieu-les-Po«ü∂¶les;50800;48.8424;-1.23952;24.35
FR;50;50533;50190;ST PATRICE DE CLAIDS;NT50X;50S;49.2355575561523;-1.42472195625309;Cond«ü∂∏-sur-Vire;50890;49.046229053341;-0.991599705415;37.97
FR;50;50534;50500;ST PELLERIN;NT50X;50S;49.2997207641602;-1.17611098289492;Cond«ü∂∏-sur-Vire;50890;49.046229053341;-0.991599705415;31.24
FR;50;50535;50870;LE PARC;NT50X;50V;48.759998321533;-1.2983330488205;Villedieu-les-Po«ü∂¶les;50800;48.8424;-1.23952;10.13
FR;50;50537;50200;ST PIERRE DE COUTANCES;NT50X;50V;49.0361099243159;-1.4480559825897;Villedieu-les-Po«ü∂¶les;50800;48.8424;-1.23952;26.41
FR;50;50538;50810;ST PIERRE DE SEMILLY;NT50X;50S;49.1225013732908;-1.00416696071619;Cond«ü∂∏-sur-Vire;50890;49.046229053341;-0.991599705415;8.53
FR;50;50540;50530;ST PIERRE LANGERS;NT50X;50V;48.7861099243162;-1.49611103534698;Villedieu-les-Po«ü∂¶les;50800;48.8424;-1.23952;19.86
FR;50;50541;50400;ST PLANCHERS;NT50X;50V;48.8241653442378;-1.52499997615811;Villedieu-les-Po«ü∂¶les;50800;48.8424;-1.23952;21.06
FR;50;50542;50670;ST POIS;NT50X;50V;48.751388549805;-1.06527805328369;Villedieu-les-Po«ü∂¶les;50800;48.8424;-1.23952;16.32
FR;50;50543;50220;ST QUENTIN SUR LE HOMME;NT50X;50V;48.6477775573728;-1.31611096858982;Villedieu-les-Po«ü∂¶les;50800;48.8424;-1.23952;22.36
FR;50;50544;50580;ST REMY DES LANDES;NT50X;50S;49.2924995422362;-1.63972198963167;Cond«ü∂∏-sur-Vire;50890;49.046229053341;-0.991599705415;54.63
FR;50;50545;50750;ST ROMPHAIRE;NT50X;50V;49.0397186279297;-1.1030600070953;Villedieu-les-Po«ü∂¶les;50800;48.8424;-1.23952;24.11
FR;50;50546;50750;BOURGVALLEES;NT50X;50V;49.0491676330571;-1.12777805328372;Villedieu-les-Po«ü∂¶les;50800;48.8424;-1.23952;24.41
FR;50;50547;50150;ST SAUVEUR DE CHAULIEU;NT50X;50V;48.749839441605;-0.848793946129;Villedieu-les-Po«ü∂¶les;50800;48.8424;-1.23952;30.5
FR;50;50549;50510;ST SAUVEUR LA POMMERAYE;NT50X;50V;48.8363876342771;-1.41666698455813;Villedieu-les-Po«ü∂¶les;50800;48.8424;-1.23952;13.02
FR;50;50550;50490;ST SAUVEUR LENDELIN;NT50X;50V;49.1302795410161;-1.4108330011368;Villedieu-les-Po«ü∂¶les;50800;48.8424;-1.23952;34.38
FR;50;50551;50390;ST SAUVEUR LE VICOMTE;NT50X;50S;49.386112213135;-1.53194403648377;Cond«ü∂∏-sur-Vire;50890;49.046229053341;-0.991599705415;54.58
FR;50;50552;50190;ST SEBASTIEN DE RAIDS;NT50X;50S;49.1919441223139;-1.37000000476842;Cond«ü∂∏-sur-Vire;50890;49.046229053341;-0.991599705415;32.02
FR;50;50553;50240;ST SENIER DE BEUVRON;NT50X;50V;48.5769424438481;-1.308611035347;Villedieu-les-Po«ü∂¶les;50800;48.8424;-1.23952;29.95
FR;50;50554;50300;ST SENIER SOUS AVRANCHES;NT50X;50V;48.6858329772949;-1.3397220373154;Villedieu-les-Po«ü∂¶les;50800;48.8424;-1.23952;18.91
FR;50;50555;50250;STE SUZANNE EN BAUPTOIS;NT50X;50S;49.307772309663;-1.433390142132;Cond«ü∂∏-sur-Vire;50890;49.046229053341;-0.991599705415;43.4
FR;50;50556;50750;STE SUZANNE SUR VIRE;NT50X;50V;49.0627784729;-1.05833005905152;Villedieu-les-Po«ü∂¶les;50800;48.8424;-1.23952;27.87
FR;50;50557;50640;ST SYMPHORIEN DES MONTS;NT50X;50V;48.5452766418461;-1.00083303451541;Villedieu-les-Po«ü∂¶les;50800;48.8424;-1.23952;37.42
FR;50;50558;50250;ST SYMPHORIEN LE VALOIS;NT50X;50S;49.2949981689452;-1.55222201347348;Cond«ü∂∏-sur-Vire;50890;49.046229053341;-0.991599705415;49.36
FR;50;50559;50160;ST SYMPHORIEN LES BUTTES;NT50X;50S;49.021059308858;-0.925108770455;Cond«ü∂∏-sur-Vire;50890;49.046229053341;-0.991599705415;5.61
FR;50;50561;50320;ST URSIN;NT50X;50V;48.8004;-1.43923;Villedieu-les-Po«ü∂¶les;50800;48.8424;-1.23952;15.39
FR;50;50563;50420;ST VIGOR DES MONTS;NT50X;50V;48.9122238159178;-1.0847220420837;Villedieu-les-Po«ü∂¶les;50800;48.8424;-1.23952;13.76
FR;50;50564;50500;SAINTENY;NT50X;50S;49.239444732666;-1.31388902664181;Cond«ü∂∏-sur-Vire;50890;49.046229053341;-0.991599705415;31.85
FR;50;50565;50530;SARTILLY BAIE BOCAGE;NT50X;50V;48.7544441223142;-1.45666694641107;Villedieu-les-Po«ü∂¶les;50800;48.8424;-1.23952;18.71
FR;50;50568;50200;SAUSSEY;NT50X;50V;49.011112213135;-1.42972195148472;Villedieu-les-Po«ü∂¶les;50800;48.8424;-1.23952;23.37
FR;50;50569;50210;SAVIGNY;NT50X;50V;49.0497207641599;-1.33749997615813;Villedieu-les-Po«ü∂¶les;50800;48.8424;-1.23952;24.15
FR;50;50570;50640;SAVIGNY LE VIEUX;NT50X;50V;48.5219421386723;-1.04805600643158;Villedieu-les-Po«ü∂¶les;50800;48.8424;-1.23952;38.32
FR;50;50571;50480;SEBEVILLE;NT50X;50S;49.3877792358402;-1.28722202777857;Cond«ü∂∏-sur-Vire;50890;49.046229053341;-0.991599705415;43.67
FR;50;50573;50200;SERVIGNY;NT50X;50V;49.0936126708982;-1.47333300113683;Villedieu-les-Po«ü∂¶les;50800;48.8424;-1.23952;32.77
FR;50;50574;50170;SERVON;NT50X;50V;48.6025009155267;-1.41722202301032;Villedieu-les-Po«ü∂¶les;50800;48.8424;-1.23952;29.71
FR;50;50578;50310;SORTOSVILLE;NT50X;50S;49.4799995422363;-1.43222200870511;Cond«ü∂∏-sur-Vire;50890;49.046229053341;-0.991599705415;57.93
FR;50;50581;50750;SOULLES;NT50X;50V;49.0138893127438;-1.1883300542831;Villedieu-les-Po«ü∂¶les;50800;48.8424;-1.23952;19.44
FR;50;50582;50150;SOURDEVAL;NT50X;50V;48.7244453430179;-0.918888986110691;Villedieu-les-Po«ü∂¶les;50800;48.8424;-1.23952;26.97
FR;50;50583;50450;SOURDEVAL LES BOIS;NT50X;50V;48.9124984741208;-1.26388895511628;Villedieu-les-Po«ü∂¶les;50800;48.8424;-1.23952;8.0
FR;50;50584;50870;SUBLIGNY;NT50X;50V;48.7458343505861;-1.36583304405211;Villedieu-les-Po«ü∂¶les;50800;48.8424;-1.23952;14.19
FR;50;50586;50250;SURVILLE;NT50X;50S;49.2766685485842;-1.6538889408112;Cond«ü∂∏-sur-Vire;50890;49.046229053341;-0.991599705415;54.68
FR;50;50589;50170;TANIS;NT50X;50V;48.5933341979978;-1.43861103057858;Villedieu-les-Po«ü∂¶les;50800;48.8424;-1.23952;31.33
FR;50;50590;50320;LE TANU;NT50X;50V;48.8175010681153;-1.34611105918881;Villedieu-les-Po«ü∂¶les;50800;48.8424;-1.23952;8.3
FR;50;50591;50640;LE TEILLEUL;NT50X;50V;48.5402793884281;-0.87083297967909;Villedieu-les-Po«ü∂¶les;50800;48.8424;-1.23952;43.19
FR;50;50592;50420;TESSY BOCAGE;NT50X;50V;48.9752769470208;-1.06055605411529;Villedieu-les-Po«ü∂¶les;50800;48.8424;-1.23952;19.76
FR;50;50592;50420;TESSY SUR VIRE;NT50X;50V;48.9752769470208;-1.06055605411529;Villedieu-les-Po«ü∂¶les;50800;48.8424;-1.23952;19.76
FR;50;50597;50870;TIREPIED;NT50X;50V;48.7116661071783;-1.26527798175812;Villedieu-les-Po«ü∂¶les;50800;48.8424;-1.23952;14.66
FR;50;50601;50160;TORIGNI SUR VIRE;NT50X;50S;49.0355567932131;-0.978888988494849;Cond«ü∂∏-sur-Vire;50890;49.046229053341;-0.991599705415;1.51
FR;50;50603;50200;TOURVILLE SUR SIENNE;NT50X;50V;49.0458335876463;-1.54222202301027;Villedieu-les-Po«ü∂¶les;50800;48.8424;-1.23952;31.68
FR;50;50605;50660;TRELLY;NT50X;50V;48.9627761840822;-1.42833304405208;Villedieu-les-Po«ü∂¶les;50800;48.8424;-1.23952;19.26
FR;50;50606;50620;TRIBEHOU;NT50X;50S;49.214443206787;-1.24277794361109;Cond«ü∂∏-sur-Vire;50890;49.046229053341;-0.991599705415;26.19
FR;50;50607;50800;LA TRINITE;NT50X;50V;48.7927780151368;-1.23416697978972;Villedieu-les-Po«ü∂¶les;50800;48.8424;-1.23952;5.53
FR;50;50608;50420;TROISGOTS;NT50X;50S;49.0113906860348;-1.07222199439999;Cond«ü∂∏-sur-Vire;50890;49.046229053341;-0.991599705415;7.05
FR;50;50609;50480;TURQUEVILLE;NT50X;50S;49.4077796936043;-1.27833294868472;Cond«ü∂∏-sur-Vire;50890;49.046229053341;-0.991599705415;45.31
FR;50;50610;50700;URVILLE;NT50X;50S;49.4522209167479;-1.43944394588469;Cond«ü∂∏-sur-Vire;50890;49.046229053341;-0.991599705415;55.69
FR;50;50612;50300;VAINS;NT50X;50V;48.6822204589842;-1.41222202777858;Villedieu-les-Po«ü∂¶les;50800;48.8424;-1.23952;21.87
FR;50;50615;50700;VALOGNES;NT50X;50S;49.5094451904297;-1.46916699409478;Cond«ü∂∏-sur-Vire;50890;49.046229053341;-0.991599705415;62.14
FR;50;50616;50300;LE VAL ST PERE;NT50X;50V;48.6644439697272;-1.37555599212652;Villedieu-les-Po«ü∂¶les;50800;48.8424;-1.23952;22.17
FR;50;50617;50250;VARENGUEBEC;NT50X;50S;49.3394432067868;-1.4944440126419;Cond«ü∂∏-sur-Vire;50890;49.046229053341;-0.991599705415;49.06
FR;50;50622;50490;VAUDRIMESNIL;NT50X;50V;49.1552772521971;-1.41388905048371;Villedieu-les-Po«ü∂¶les;50800;48.8424;-1.23952;37.06
FR;50;50624;50200;LA VENDELEE;NT50X;50V;49.0822219848633;-1.4636110067368;Villedieu-les-Po«ü∂¶les;50800;48.8424;-1.23952;31.31
FR;50;50625;50150;VENGEONS;NT50X;50V;48.7555541992191;-0.916666984558108;Villedieu-les-Po«ü∂¶les;50800;48.8424;-1.23952;25.61
FR;50;50626;50450;VER;NT50X;50V;48.8952789306641;-1.39166700840002;Villedieu-les-Po«ü∂¶les;50800;48.8424;-1.23952;12.62
FR;50;50627;50240;VERGONCEY;NT50X;50V;48.5625000000002;-1.3977780342102;Villedieu-les-Po«ü∂¶les;50800;48.8424;-1.23952;33.23
FR;50;50628;50370;VERNIX;NT50X;50V;48.7158317565918;-1.2255560159683;Villedieu-les-Po«ü∂¶les;50800;48.8424;-1.23952;14.11
FR;50;50629;50430;VESLY;NT50X;50S;49.25305557251;-1.5036109685898;Cond«ü∂∏-sur-Vire;50890;49.046229053341;-0.991599705415;43.87
FR;50;50630;50170;VESSEY;NT50X;50V;48.5258331298828;-1.43166697025303;Villedieu-les-Po«ü∂¶les;50800;48.8424;-1.23952;37.94
FR;50;50631;50500;LES VEYS;NT50X;50S;49.31583404541;-1.15416705608372;Cond«ü∂∏-sur-Vire;50890;49.046229053341;-0.991599705415;32.24
FR;50;50632;50540;VEZINS;NT50X;50V;48.599998;-1.23333;Villedieu-les-Po«ü∂¶les;50800;48.8424;-1.23952;26.96
FR;50;50635;50810;VIDOUVILLE;NT50X;50S;49.0980567932133;-0.899721980094906;Cond«ü∂∏-sur-Vire;50890;49.046229053341;-0.991599705415;8.85
FR;50;50636;50480;VIERVILLE;NT50X;50S;49.359443664551;-1.24388897418981;Cond«ü∂∏-sur-Vire;50890;49.046229053341;-0.991599705415;39.39
FR;50;50637;50410;VILLEBAUDON;NT50X;50V;48.9619445800778;-1.16444396972658;Villedieu-les-Po«ü∂¶les;50800;48.8424;-1.23952;14.39
FR;50;50638;50140;VILLECHIEN;NT50X;50V;48.5800018310548;-0.985556006431553;Villedieu-les-Po«ü∂¶les;50800;48.8424;-1.23952;34.65
FR;50;50639;50800;VILLEDIEU LES POELES ROUFFIGNY;NT50X;50V;48.8411102294921;-1.22166705131533;Villedieu-les-Po«ü∂¶les;50800;48.8424;-1.23952;1.32
FR;50;50640;50240;VILLIERS LE PRE;NT50X;50V;48.5438880920408;-1.39972198009493;Villedieu-les-Po«ü∂¶les;50800;48.8424;-1.23952;35.23
FR;50;50641;50680;VILLIERS FOSSARD;NT50X;50S;49.1586112976068;-1.05999994277951;Cond«ü∂∏-sur-Vire;50890;49.046229053341;-0.991599705415;13.46
FR;50;50642;50250;VINDEFONTAINE;NT50X;50S;49.336387634277;-1.41777801513668;Cond«ü∂∏-sur-Vire;50890;49.046229053341;-0.991599705415;44.79
FR;50;50644;50600;VIREY;NT50X;50V;48.585556030273;-1.13166701793669;Villedieu-les-Po«ü∂¶les;50800;48.8424;-1.23952;29.64
FR;50;50647;50400;YQUELON;NT50X;50V;48.8499984741211;-1.55527794361108;Villedieu-les-Po«ü∂¶les;50800;48.8424;-1.23952;23.19
FR;50;50904;50290;ST MARTIN DE BREHAL;NT50X;50V;48.8971;-1.56524;Villedieu-les-Po«ü∂¶les;50800;48.8424;-1.23952;24.66
FR;50;50902;50300;ILES CHAUSEY;NT50X;50V;48.8728;-1.8302;Villedieu-les-Po«ü∂¶les;50800;48.8424;-1.23952;43.48
